[2025-02-01 00:29:17] local.ERROR: Class "PDO" not found {"exception":"[object] (Error(code: 0): Class \"PDO\" not found at /root/laravel_test/laravel-crud-mysql/vendor/laravel/framework/src/Illuminate/Database/Connection.php:1470)
[stacktrace]
#0 /root/laravel_test/laravel-crud-mysql/vendor/laravel/framework/src/Illuminate/Database/Connectors/ConnectionFactory.php(267): Illuminate\\Database\\Connection::getResolver()
#1 /root/laravel_test/laravel-crud-mysql/vendor/laravel/framework/src/Illuminate/Database/Connectors/ConnectionFactory.php(76): Illuminate\\Database\\Connectors\\ConnectionFactory->createConnection()
#2 /root/laravel_test/laravel-crud-mysql/vendor/laravel/framework/src/Illuminate/Database/Connectors/ConnectionFactory.php(50): Illuminate\\Database\\Connectors\\ConnectionFactory->createSingleConnection()
#3 /root/laravel_test/laravel-crud-mysql/vendor/laravel/framework/src/Illuminate/Database/DatabaseManager.php(140): Illuminate\\Database\\Connectors\\ConnectionFactory->make()
#4 /root/laravel_test/laravel-crud-mysql/vendor/laravel/framework/src/Illuminate/Database/DatabaseManager.php(95): Illuminate\\Database\\DatabaseManager->makeConnection()
#5 /root/laravel_test/laravel-crud-mysql/vendor/laravel/framework/src/Illuminate/Database/Migrations/DatabaseMigrationRepository.php(211): Illuminate\\Database\\DatabaseManager->connection()
#6 /root/laravel_test/laravel-crud-mysql/vendor/laravel/framework/src/Illuminate/Database/Migrations/DatabaseMigrationRepository.php(167): Illuminate\\Database\\Migrations\\DatabaseMigrationRepository->getConnection()
#7 /root/laravel_test/laravel-crud-mysql/vendor/laravel/framework/src/Illuminate/Database/Migrations/Migrator.php(652): Illuminate\\Database\\Migrations\\DatabaseMigrationRepository->repositoryExists()
#8 /root/laravel_test/laravel-crud-mysql/vendor/laravel/framework/src/Illuminate/Database/Console/Migrations/MigrateCommand.php(106): Illuminate\\Database\\Migrations\\Migrator->repositoryExists()
#9 /root/laravel_test/laravel-crud-mysql/vendor/laravel/framework/src/Illuminate/Database/Console/Migrations/MigrateCommand.php(77): Illuminate\\Database\\Console\\Migrations\\MigrateCommand->prepareDatabase()
#10 /root/laravel_test/laravel-crud-mysql/vendor/laravel/framework/src/Illuminate/Database/Migrations/Migrator.php(585): Illuminate\\Database\\Console\\Migrations\\MigrateCommand->Illuminate\\Database\\Console\\Migrations\\{closure}()
#11 /root/laravel_test/laravel-crud-mysql/vendor/laravel/framework/src/Illuminate/Database/Console/Migrations/MigrateCommand.php(94): Illuminate\\Database\\Migrations\\Migrator->usingConnection()
#12 /root/laravel_test/laravel-crud-mysql/vendor/laravel/framework/src/Illuminate/Container/BoundMethod.php(36): Illuminate\\Database\\Console\\Migrations\\MigrateCommand->handle()
#13 /root/laravel_test/laravel-crud-mysql/vendor/laravel/framework/src/Illuminate/Container/Util.php(41): Illuminate\\Container\\BoundMethod::Illuminate\\Container\\{closure}()
#14 /root/laravel_test/laravel-crud-mysql/vendor/laravel/framework/src/Illuminate/Container/BoundMethod.php(93): Illuminate\\Container\\Util::unwrapIfClosure()
#15 /root/laravel_test/laravel-crud-mysql/vendor/laravel/framework/src/Illuminate/Container/BoundMethod.php(37): Illuminate\\Container\\BoundMethod::callBoundMethod()
#16 /root/laravel_test/laravel-crud-mysql/vendor/laravel/framework/src/Illuminate/Container/Container.php(653): Illuminate\\Container\\BoundMethod::call()
#17 /root/laravel_test/laravel-crud-mysql/vendor/laravel/framework/src/Illuminate/Console/Command.php(136): Illuminate\\Container\\Container->call()
#18 /root/laravel_test/laravel-crud-mysql/vendor/symfony/console/Command/Command.php(291): Illuminate\\Console\\Command->execute()
#19 /root/laravel_test/laravel-crud-mysql/vendor/laravel/framework/src/Illuminate/Console/Command.php(121): Symfony\\Component\\Console\\Command\\Command->run()
#20 /root/laravel_test/laravel-crud-mysql/vendor/symfony/console/Application.php(989): Illuminate\\Console\\Command->run()
#21 /root/laravel_test/laravel-crud-mysql/vendor/symfony/console/Application.php(299): Symfony\\Component\\Console\\Application->doRunCommand()
#22 /root/laravel_test/laravel-crud-mysql/vendor/symfony/console/Application.php(171): Symfony\\Component\\Console\\Application->doRun()
#23 /root/laravel_test/laravel-crud-mysql/vendor/laravel/framework/src/Illuminate/Console/Application.php(102): Symfony\\Component\\Console\\Application->run()
#24 /root/laravel_test/laravel-crud-mysql/vendor/laravel/framework/src/Illuminate/Foundation/Console/Kernel.php(129): Illuminate\\Console\\Application->run()
#25 /root/laravel_test/laravel-crud-mysql/artisan(37): Illuminate\\Foundation\\Console\\Kernel->handle()
#26 {main}
"} 
[2025-02-01 00:33:32] local.ERROR: Class "PDO" not found {"exception":"[object] (Error(code: 0): Class \"PDO\" not found at /root/laravel_test/laravel-crud-mysql/vendor/laravel/framework/src/Illuminate/Database/Connection.php:1470)
[stacktrace]
#0 /root/laravel_test/laravel-crud-mysql/vendor/laravel/framework/src/Illuminate/Database/Connectors/ConnectionFactory.php(267): Illuminate\\Database\\Connection::getResolver()
#1 /root/laravel_test/laravel-crud-mysql/vendor/laravel/framework/src/Illuminate/Database/Connectors/ConnectionFactory.php(76): Illuminate\\Database\\Connectors\\ConnectionFactory->createConnection()
#2 /root/laravel_test/laravel-crud-mysql/vendor/laravel/framework/src/Illuminate/Database/Connectors/ConnectionFactory.php(50): Illuminate\\Database\\Connectors\\ConnectionFactory->createSingleConnection()
#3 /root/laravel_test/laravel-crud-mysql/vendor/laravel/framework/src/Illuminate/Database/DatabaseManager.php(140): Illuminate\\Database\\Connectors\\ConnectionFactory->make()
#4 /root/laravel_test/laravel-crud-mysql/vendor/laravel/framework/src/Illuminate/Database/DatabaseManager.php(95): Illuminate\\Database\\DatabaseManager->makeConnection()
#5 /root/laravel_test/laravel-crud-mysql/vendor/laravel/framework/src/Illuminate/Database/Migrations/DatabaseMigrationRepository.php(211): Illuminate\\Database\\DatabaseManager->connection()
#6 /root/laravel_test/laravel-crud-mysql/vendor/laravel/framework/src/Illuminate/Database/Migrations/DatabaseMigrationRepository.php(167): Illuminate\\Database\\Migrations\\DatabaseMigrationRepository->getConnection()
#7 /root/laravel_test/laravel-crud-mysql/vendor/laravel/framework/src/Illuminate/Database/Migrations/Migrator.php(652): Illuminate\\Database\\Migrations\\DatabaseMigrationRepository->repositoryExists()
#8 /root/laravel_test/laravel-crud-mysql/vendor/laravel/framework/src/Illuminate/Database/Console/Migrations/MigrateCommand.php(106): Illuminate\\Database\\Migrations\\Migrator->repositoryExists()
#9 /root/laravel_test/laravel-crud-mysql/vendor/laravel/framework/src/Illuminate/Database/Console/Migrations/MigrateCommand.php(77): Illuminate\\Database\\Console\\Migrations\\MigrateCommand->prepareDatabase()
#10 /root/laravel_test/laravel-crud-mysql/vendor/laravel/framework/src/Illuminate/Database/Migrations/Migrator.php(585): Illuminate\\Database\\Console\\Migrations\\MigrateCommand->Illuminate\\Database\\Console\\Migrations\\{closure}()
#11 /root/laravel_test/laravel-crud-mysql/vendor/laravel/framework/src/Illuminate/Database/Console/Migrations/MigrateCommand.php(94): Illuminate\\Database\\Migrations\\Migrator->usingConnection()
#12 /root/laravel_test/laravel-crud-mysql/vendor/laravel/framework/src/Illuminate/Container/BoundMethod.php(36): Illuminate\\Database\\Console\\Migrations\\MigrateCommand->handle()
#13 /root/laravel_test/laravel-crud-mysql/vendor/laravel/framework/src/Illuminate/Container/Util.php(41): Illuminate\\Container\\BoundMethod::Illuminate\\Container\\{closure}()
#14 /root/laravel_test/laravel-crud-mysql/vendor/laravel/framework/src/Illuminate/Container/BoundMethod.php(93): Illuminate\\Container\\Util::unwrapIfClosure()
#15 /root/laravel_test/laravel-crud-mysql/vendor/laravel/framework/src/Illuminate/Container/BoundMethod.php(37): Illuminate\\Container\\BoundMethod::callBoundMethod()
#16 /root/laravel_test/laravel-crud-mysql/vendor/laravel/framework/src/Illuminate/Container/Container.php(653): Illuminate\\Container\\BoundMethod::call()
#17 /root/laravel_test/laravel-crud-mysql/vendor/laravel/framework/src/Illuminate/Console/Command.php(136): Illuminate\\Container\\Container->call()
#18 /root/laravel_test/laravel-crud-mysql/vendor/symfony/console/Command/Command.php(291): Illuminate\\Console\\Command->execute()
#19 /root/laravel_test/laravel-crud-mysql/vendor/laravel/framework/src/Illuminate/Console/Command.php(121): Symfony\\Component\\Console\\Command\\Command->run()
#20 /root/laravel_test/laravel-crud-mysql/vendor/symfony/console/Application.php(989): Illuminate\\Console\\Command->run()
#21 /root/laravel_test/laravel-crud-mysql/vendor/symfony/console/Application.php(299): Symfony\\Component\\Console\\Application->doRunCommand()
#22 /root/laravel_test/laravel-crud-mysql/vendor/symfony/console/Application.php(171): Symfony\\Component\\Console\\Application->doRun()
#23 /root/laravel_test/laravel-crud-mysql/vendor/laravel/framework/src/Illuminate/Console/Application.php(102): Symfony\\Component\\Console\\Application->run()
#24 /root/laravel_test/laravel-crud-mysql/vendor/laravel/framework/src/Illuminate/Foundation/Console/Kernel.php(129): Illuminate\\Console\\Application->run()
#25 /root/laravel_test/laravel-crud-mysql/artisan(37): Illuminate\\Foundation\\Console\\Kernel->handle()
#26 {main}
"} 
[2025-02-01 00:35:46] local.ERROR: could not find driver (SQL: select * from information_schema.tables where table_schema = laravel_test and table_name = migrations and table_type = 'BASE TABLE') {"exception":"[object] (Illuminate\\Database\\QueryException(code: 0): could not find driver (SQL: select * from information_schema.tables where table_schema = laravel_test and table_name = migrations and table_type = 'BASE TABLE') at /root/laravel_test/laravel-crud-mysql/vendor/laravel/framework/src/Illuminate/Database/Connection.php:712)
[stacktrace]
#0 /root/laravel_test/laravel-crud-mysql/vendor/laravel/framework/src/Illuminate/Database/Connection.php(672): Illuminate\\Database\\Connection->runQueryCallback()
#1 /root/laravel_test/laravel-crud-mysql/vendor/laravel/framework/src/Illuminate/Database/Connection.php(376): Illuminate\\Database\\Connection->run()
#2 /root/laravel_test/laravel-crud-mysql/vendor/laravel/framework/src/Illuminate/Database/Schema/MySqlBuilder.php(44): Illuminate\\Database\\Connection->select()
#3 /root/laravel_test/laravel-crud-mysql/vendor/laravel/framework/src/Illuminate/Database/Migrations/DatabaseMigrationRepository.php(169): Illuminate\\Database\\Schema\\MySqlBuilder->hasTable()
#4 /root/laravel_test/laravel-crud-mysql/vendor/laravel/framework/src/Illuminate/Database/Migrations/Migrator.php(652): Illuminate\\Database\\Migrations\\DatabaseMigrationRepository->repositoryExists()
#5 /root/laravel_test/laravel-crud-mysql/vendor/laravel/framework/src/Illuminate/Database/Console/Migrations/MigrateCommand.php(106): Illuminate\\Database\\Migrations\\Migrator->repositoryExists()
#6 /root/laravel_test/laravel-crud-mysql/vendor/laravel/framework/src/Illuminate/Database/Console/Migrations/MigrateCommand.php(77): Illuminate\\Database\\Console\\Migrations\\MigrateCommand->prepareDatabase()
#7 /root/laravel_test/laravel-crud-mysql/vendor/laravel/framework/src/Illuminate/Database/Migrations/Migrator.php(585): Illuminate\\Database\\Console\\Migrations\\MigrateCommand->Illuminate\\Database\\Console\\Migrations\\{closure}()
#8 /root/laravel_test/laravel-crud-mysql/vendor/laravel/framework/src/Illuminate/Database/Console/Migrations/MigrateCommand.php(94): Illuminate\\Database\\Migrations\\Migrator->usingConnection()
#9 /root/laravel_test/laravel-crud-mysql/vendor/laravel/framework/src/Illuminate/Container/BoundMethod.php(36): Illuminate\\Database\\Console\\Migrations\\MigrateCommand->handle()
#10 /root/laravel_test/laravel-crud-mysql/vendor/laravel/framework/src/Illuminate/Container/Util.php(41): Illuminate\\Container\\BoundMethod::Illuminate\\Container\\{closure}()
#11 /root/laravel_test/laravel-crud-mysql/vendor/laravel/framework/src/Illuminate/Container/BoundMethod.php(93): Illuminate\\Container\\Util::unwrapIfClosure()
#12 /root/laravel_test/laravel-crud-mysql/vendor/laravel/framework/src/Illuminate/Container/BoundMethod.php(37): Illuminate\\Container\\BoundMethod::callBoundMethod()
#13 /root/laravel_test/laravel-crud-mysql/vendor/laravel/framework/src/Illuminate/Container/Container.php(653): Illuminate\\Container\\BoundMethod::call()
#14 /root/laravel_test/laravel-crud-mysql/vendor/laravel/framework/src/Illuminate/Console/Command.php(136): Illuminate\\Container\\Container->call()
#15 /root/laravel_test/laravel-crud-mysql/vendor/symfony/console/Command/Command.php(291): Illuminate\\Console\\Command->execute()
#16 /root/laravel_test/laravel-crud-mysql/vendor/laravel/framework/src/Illuminate/Console/Command.php(121): Symfony\\Component\\Console\\Command\\Command->run()
#17 /root/laravel_test/laravel-crud-mysql/vendor/symfony/console/Application.php(989): Illuminate\\Console\\Command->run()
#18 /root/laravel_test/laravel-crud-mysql/vendor/symfony/console/Application.php(299): Symfony\\Component\\Console\\Application->doRunCommand()
#19 /root/laravel_test/laravel-crud-mysql/vendor/symfony/console/Application.php(171): Symfony\\Component\\Console\\Application->doRun()
#20 /root/laravel_test/laravel-crud-mysql/vendor/laravel/framework/src/Illuminate/Console/Application.php(102): Symfony\\Component\\Console\\Application->run()
#21 /root/laravel_test/laravel-crud-mysql/vendor/laravel/framework/src/Illuminate/Foundation/Console/Kernel.php(129): Illuminate\\Console\\Application->run()
#22 /root/laravel_test/laravel-crud-mysql/artisan(37): Illuminate\\Foundation\\Console\\Kernel->handle()
#23 {main}

[previous exception] [object] (PDOException(code: 0): could not find driver at /root/laravel_test/laravel-crud-mysql/vendor/laravel/framework/src/Illuminate/Database/Connectors/Connector.php:70)
[stacktrace]
#0 /root/laravel_test/laravel-crud-mysql/vendor/laravel/framework/src/Illuminate/Database/Connectors/Connector.php(70): PDO->__construct()
#1 /root/laravel_test/laravel-crud-mysql/vendor/laravel/framework/src/Illuminate/Database/Connectors/Connector.php(46): Illuminate\\Database\\Connectors\\Connector->createPdoConnection()
#2 /root/laravel_test/laravel-crud-mysql/vendor/laravel/framework/src/Illuminate/Database/Connectors/MySqlConnector.php(24): Illuminate\\Database\\Connectors\\Connector->createConnection()
#3 /root/laravel_test/laravel-crud-mysql/vendor/laravel/framework/src/Illuminate/Database/Connectors/ConnectionFactory.php(184): Illuminate\\Database\\Connectors\\MySqlConnector->connect()
#4 [internal function]: Illuminate\\Database\\Connectors\\ConnectionFactory->Illuminate\\Database\\Connectors\\{closure}()
#5 /root/laravel_test/laravel-crud-mysql/vendor/laravel/framework/src/Illuminate/Database/Connection.php(1060): call_user_func()
#6 /root/laravel_test/laravel-crud-mysql/vendor/laravel/framework/src/Illuminate/Database/Connection.php(1096): Illuminate\\Database\\Connection->getPdo()
#7 /root/laravel_test/laravel-crud-mysql/vendor/laravel/framework/src/Illuminate/Database/Connection.php(442): Illuminate\\Database\\Connection->getReadPdo()
#8 /root/laravel_test/laravel-crud-mysql/vendor/laravel/framework/src/Illuminate/Database/Connection.php(368): Illuminate\\Database\\Connection->getPdoForSelect()
#9 /root/laravel_test/laravel-crud-mysql/vendor/laravel/framework/src/Illuminate/Database/Connection.php(705): Illuminate\\Database\\Connection->Illuminate\\Database\\{closure}()
#10 /root/laravel_test/laravel-crud-mysql/vendor/laravel/framework/src/Illuminate/Database/Connection.php(672): Illuminate\\Database\\Connection->runQueryCallback()
#11 /root/laravel_test/laravel-crud-mysql/vendor/laravel/framework/src/Illuminate/Database/Connection.php(376): Illuminate\\Database\\Connection->run()
#12 /root/laravel_test/laravel-crud-mysql/vendor/laravel/framework/src/Illuminate/Database/Schema/MySqlBuilder.php(44): Illuminate\\Database\\Connection->select()
#13 /root/laravel_test/laravel-crud-mysql/vendor/laravel/framework/src/Illuminate/Database/Migrations/DatabaseMigrationRepository.php(169): Illuminate\\Database\\Schema\\MySqlBuilder->hasTable()
#14 /root/laravel_test/laravel-crud-mysql/vendor/laravel/framework/src/Illuminate/Database/Migrations/Migrator.php(652): Illuminate\\Database\\Migrations\\DatabaseMigrationRepository->repositoryExists()
#15 /root/laravel_test/laravel-crud-mysql/vendor/laravel/framework/src/Illuminate/Database/Console/Migrations/MigrateCommand.php(106): Illuminate\\Database\\Migrations\\Migrator->repositoryExists()
#16 /root/laravel_test/laravel-crud-mysql/vendor/laravel/framework/src/Illuminate/Database/Console/Migrations/MigrateCommand.php(77): Illuminate\\Database\\Console\\Migrations\\MigrateCommand->prepareDatabase()
#17 /root/laravel_test/laravel-crud-mysql/vendor/laravel/framework/src/Illuminate/Database/Migrations/Migrator.php(585): Illuminate\\Database\\Console\\Migrations\\MigrateCommand->Illuminate\\Database\\Console\\Migrations\\{closure}()
#18 /root/laravel_test/laravel-crud-mysql/vendor/laravel/framework/src/Illuminate/Database/Console/Migrations/MigrateCommand.php(94): Illuminate\\Database\\Migrations\\Migrator->usingConnection()
#19 /root/laravel_test/laravel-crud-mysql/vendor/laravel/framework/src/Illuminate/Container/BoundMethod.php(36): Illuminate\\Database\\Console\\Migrations\\MigrateCommand->handle()
#20 /root/laravel_test/laravel-crud-mysql/vendor/laravel/framework/src/Illuminate/Container/Util.php(41): Illuminate\\Container\\BoundMethod::Illuminate\\Container\\{closure}()
#21 /root/laravel_test/laravel-crud-mysql/vendor/laravel/framework/src/Illuminate/Container/BoundMethod.php(93): Illuminate\\Container\\Util::unwrapIfClosure()
#22 /root/laravel_test/laravel-crud-mysql/vendor/laravel/framework/src/Illuminate/Container/BoundMethod.php(37): Illuminate\\Container\\BoundMethod::callBoundMethod()
#23 /root/laravel_test/laravel-crud-mysql/vendor/laravel/framework/src/Illuminate/Container/Container.php(653): Illuminate\\Container\\BoundMethod::call()
#24 /root/laravel_test/laravel-crud-mysql/vendor/laravel/framework/src/Illuminate/Console/Command.php(136): Illuminate\\Container\\Container->call()
#25 /root/laravel_test/laravel-crud-mysql/vendor/symfony/console/Command/Command.php(291): Illuminate\\Console\\Command->execute()
#26 /root/laravel_test/laravel-crud-mysql/vendor/laravel/framework/src/Illuminate/Console/Command.php(121): Symfony\\Component\\Console\\Command\\Command->run()
#27 /root/laravel_test/laravel-crud-mysql/vendor/symfony/console/Application.php(989): Illuminate\\Console\\Command->run()
#28 /root/laravel_test/laravel-crud-mysql/vendor/symfony/console/Application.php(299): Symfony\\Component\\Console\\Application->doRunCommand()
#29 /root/laravel_test/laravel-crud-mysql/vendor/symfony/console/Application.php(171): Symfony\\Component\\Console\\Application->doRun()
#30 /root/laravel_test/laravel-crud-mysql/vendor/laravel/framework/src/Illuminate/Console/Application.php(102): Symfony\\Component\\Console\\Application->run()
#31 /root/laravel_test/laravel-crud-mysql/vendor/laravel/framework/src/Illuminate/Foundation/Console/Kernel.php(129): Illuminate\\Console\\Application->run()
#32 /root/laravel_test/laravel-crud-mysql/artisan(37): Illuminate\\Foundation\\Console\\Kernel->handle()
#33 {main}
"} 
[2025-02-01 00:45:41] local.ERROR: No application encryption key has been specified. {"exception":"[object] (Illuminate\\Encryption\\MissingAppKeyException(code: 0): No application encryption key has been specified. at /root/laravel_test/laravel-crud-mysql/vendor/laravel/framework/src/Illuminate/Encryption/EncryptionServiceProvider.php:79)
[stacktrace]
#0 /root/laravel_test/laravel-crud-mysql/vendor/laravel/framework/src/Illuminate/Support/helpers.php(302): Illuminate\\Encryption\\EncryptionServiceProvider->Illuminate\\Encryption\\{closure}()
#1 /root/laravel_test/laravel-crud-mysql/vendor/laravel/framework/src/Illuminate/Encryption/EncryptionServiceProvider.php(81): tap()
#2 /root/laravel_test/laravel-crud-mysql/vendor/laravel/framework/src/Illuminate/Encryption/EncryptionServiceProvider.php(60): Illuminate\\Encryption\\EncryptionServiceProvider->key()
#3 /root/laravel_test/laravel-crud-mysql/vendor/laravel/framework/src/Illuminate/Encryption/EncryptionServiceProvider.php(32): Illuminate\\Encryption\\EncryptionServiceProvider->parseKey()
#4 /root/laravel_test/laravel-crud-mysql/vendor/laravel/framework/src/Illuminate/Container/Container.php(873): Illuminate\\Encryption\\EncryptionServiceProvider->Illuminate\\Encryption\\{closure}()
#5 /root/laravel_test/laravel-crud-mysql/vendor/laravel/framework/src/Illuminate/Container/Container.php(758): Illuminate\\Container\\Container->build()
#6 /root/laravel_test/laravel-crud-mysql/vendor/laravel/framework/src/Illuminate/Foundation/Application.php(855): Illuminate\\Container\\Container->resolve()
#7 /root/laravel_test/laravel-crud-mysql/vendor/laravel/framework/src/Illuminate/Container/Container.php(694): Illuminate\\Foundation\\Application->resolve()
#8 /root/laravel_test/laravel-crud-mysql/vendor/laravel/framework/src/Illuminate/Foundation/Application.php(840): Illuminate\\Container\\Container->make()
#9 /root/laravel_test/laravel-crud-mysql/vendor/laravel/framework/src/Illuminate/Container/Container.php(1027): Illuminate\\Foundation\\Application->make()
#10 /root/laravel_test/laravel-crud-mysql/vendor/laravel/framework/src/Illuminate/Container/Container.php(947): Illuminate\\Container\\Container->resolveClass()
#11 /root/laravel_test/laravel-crud-mysql/vendor/laravel/framework/src/Illuminate/Container/Container.php(908): Illuminate\\Container\\Container->resolveDependencies()
#12 /root/laravel_test/laravel-crud-mysql/vendor/laravel/framework/src/Illuminate/Container/Container.php(758): Illuminate\\Container\\Container->build()
#13 /root/laravel_test/laravel-crud-mysql/vendor/laravel/framework/src/Illuminate/Foundation/Application.php(855): Illuminate\\Container\\Container->resolve()
#14 /root/laravel_test/laravel-crud-mysql/vendor/laravel/framework/src/Illuminate/Container/Container.php(694): Illuminate\\Foundation\\Application->resolve()
#15 /root/laravel_test/laravel-crud-mysql/vendor/laravel/framework/src/Illuminate/Foundation/Application.php(840): Illuminate\\Container\\Container->make()
#16 /root/laravel_test/laravel-crud-mysql/vendor/laravel/framework/src/Illuminate/Pipeline/Pipeline.php(156): Illuminate\\Foundation\\Application->make()
#17 /root/laravel_test/laravel-crud-mysql/vendor/laravel/framework/src/Illuminate/Pipeline/Pipeline.php(103): Illuminate\\Pipeline\\Pipeline->Illuminate\\Pipeline\\{closure}()
#18 /root/laravel_test/laravel-crud-mysql/vendor/laravel/framework/src/Illuminate/Routing/Router.php(723): Illuminate\\Pipeline\\Pipeline->then()
#19 /root/laravel_test/laravel-crud-mysql/vendor/laravel/framework/src/Illuminate/Routing/Router.php(698): Illuminate\\Routing\\Router->runRouteWithinStack()
#20 /root/laravel_test/laravel-crud-mysql/vendor/laravel/framework/src/Illuminate/Routing/Router.php(662): Illuminate\\Routing\\Router->runRoute()
#21 /root/laravel_test/laravel-crud-mysql/vendor/laravel/framework/src/Illuminate/Routing/Router.php(651): Illuminate\\Routing\\Router->dispatchToRoute()
#22 /root/laravel_test/laravel-crud-mysql/vendor/laravel/framework/src/Illuminate/Foundation/Http/Kernel.php(167): Illuminate\\Routing\\Router->dispatch()
#23 /root/laravel_test/laravel-crud-mysql/vendor/laravel/framework/src/Illuminate/Pipeline/Pipeline.php(128): Illuminate\\Foundation\\Http\\Kernel->Illuminate\\Foundation\\Http\\{closure}()
#24 /root/laravel_test/laravel-crud-mysql/vendor/laravel/framework/src/Illuminate/Foundation/Http/Middleware/TransformsRequest.php(21): Illuminate\\Pipeline\\Pipeline->Illuminate\\Pipeline\\{closure}()
#25 /root/laravel_test/laravel-crud-mysql/vendor/laravel/framework/src/Illuminate/Foundation/Http/Middleware/ConvertEmptyStringsToNull.php(31): Illuminate\\Foundation\\Http\\Middleware\\TransformsRequest->handle()
#26 /root/laravel_test/laravel-crud-mysql/vendor/laravel/framework/src/Illuminate/Pipeline/Pipeline.php(167): Illuminate\\Foundation\\Http\\Middleware\\ConvertEmptyStringsToNull->handle()
#27 /root/laravel_test/laravel-crud-mysql/vendor/laravel/framework/src/Illuminate/Foundation/Http/Middleware/TransformsRequest.php(21): Illuminate\\Pipeline\\Pipeline->Illuminate\\Pipeline\\{closure}()
#28 /root/laravel_test/laravel-crud-mysql/vendor/laravel/framework/src/Illuminate/Foundation/Http/Middleware/TrimStrings.php(40): Illuminate\\Foundation\\Http\\Middleware\\TransformsRequest->handle()
#29 /root/laravel_test/laravel-crud-mysql/vendor/laravel/framework/src/Illuminate/Pipeline/Pipeline.php(167): Illuminate\\Foundation\\Http\\Middleware\\TrimStrings->handle()
#30 /root/laravel_test/laravel-crud-mysql/vendor/laravel/framework/src/Illuminate/Foundation/Http/Middleware/ValidatePostSize.php(27): Illuminate\\Pipeline\\Pipeline->Illuminate\\Pipeline\\{closure}()
#31 /root/laravel_test/laravel-crud-mysql/vendor/laravel/framework/src/Illuminate/Pipeline/Pipeline.php(167): Illuminate\\Foundation\\Http\\Middleware\\ValidatePostSize->handle()
#32 /root/laravel_test/laravel-crud-mysql/vendor/laravel/framework/src/Illuminate/Foundation/Http/Middleware/PreventRequestsDuringMaintenance.php(86): Illuminate\\Pipeline\\Pipeline->Illuminate\\Pipeline\\{closure}()
#33 /root/laravel_test/laravel-crud-mysql/vendor/laravel/framework/src/Illuminate/Pipeline/Pipeline.php(167): Illuminate\\Foundation\\Http\\Middleware\\PreventRequestsDuringMaintenance->handle()
#34 /root/laravel_test/laravel-crud-mysql/vendor/fruitcake/laravel-cors/src/HandleCors.php(38): Illuminate\\Pipeline\\Pipeline->Illuminate\\Pipeline\\{closure}()
#35 /root/laravel_test/laravel-crud-mysql/vendor/laravel/framework/src/Illuminate/Pipeline/Pipeline.php(167): Fruitcake\\Cors\\HandleCors->handle()
#36 /root/laravel_test/laravel-crud-mysql/vendor/laravel/framework/src/Illuminate/Http/Middleware/TrustProxies.php(39): Illuminate\\Pipeline\\Pipeline->Illuminate\\Pipeline\\{closure}()
#37 /root/laravel_test/laravel-crud-mysql/vendor/laravel/framework/src/Illuminate/Pipeline/Pipeline.php(167): Illuminate\\Http\\Middleware\\TrustProxies->handle()
#38 /root/laravel_test/laravel-crud-mysql/vendor/laravel/framework/src/Illuminate/Pipeline/Pipeline.php(103): Illuminate\\Pipeline\\Pipeline->Illuminate\\Pipeline\\{closure}()
#39 /root/laravel_test/laravel-crud-mysql/vendor/laravel/framework/src/Illuminate/Foundation/Http/Kernel.php(142): Illuminate\\Pipeline\\Pipeline->then()
#40 /root/laravel_test/laravel-crud-mysql/vendor/laravel/framework/src/Illuminate/Foundation/Http/Kernel.php(111): Illuminate\\Foundation\\Http\\Kernel->sendRequestThroughRouter()
#41 /root/laravel_test/laravel-crud-mysql/public/index.php(52): Illuminate\\Foundation\\Http\\Kernel->handle()
#42 /root/laravel_test/laravel-crud-mysql/vendor/laravel/framework/src/Illuminate/Foundation/resources/server.php(16): require_once('...')
#43 {main}
"} 
[2025-02-01 00:45:41] local.ERROR: No application encryption key has been specified. {"exception":"[object] (Illuminate\\Encryption\\MissingAppKeyException(code: 0): No application encryption key has been specified. at /root/laravel_test/laravel-crud-mysql/vendor/laravel/framework/src/Illuminate/Encryption/EncryptionServiceProvider.php:79)
[stacktrace]
#0 /root/laravel_test/laravel-crud-mysql/vendor/laravel/framework/src/Illuminate/Support/helpers.php(302): Illuminate\\Encryption\\EncryptionServiceProvider->Illuminate\\Encryption\\{closure}()
#1 /root/laravel_test/laravel-crud-mysql/vendor/laravel/framework/src/Illuminate/Encryption/EncryptionServiceProvider.php(81): tap()
#2 /root/laravel_test/laravel-crud-mysql/vendor/laravel/framework/src/Illuminate/Encryption/EncryptionServiceProvider.php(60): Illuminate\\Encryption\\EncryptionServiceProvider->key()
#3 /root/laravel_test/laravel-crud-mysql/vendor/laravel/framework/src/Illuminate/Encryption/EncryptionServiceProvider.php(32): Illuminate\\Encryption\\EncryptionServiceProvider->parseKey()
#4 /root/laravel_test/laravel-crud-mysql/vendor/laravel/framework/src/Illuminate/Container/Container.php(873): Illuminate\\Encryption\\EncryptionServiceProvider->Illuminate\\Encryption\\{closure}()
#5 /root/laravel_test/laravel-crud-mysql/vendor/laravel/framework/src/Illuminate/Container/Container.php(758): Illuminate\\Container\\Container->build()
#6 /root/laravel_test/laravel-crud-mysql/vendor/laravel/framework/src/Illuminate/Foundation/Application.php(855): Illuminate\\Container\\Container->resolve()
#7 /root/laravel_test/laravel-crud-mysql/vendor/laravel/framework/src/Illuminate/Container/Container.php(694): Illuminate\\Foundation\\Application->resolve()
#8 /root/laravel_test/laravel-crud-mysql/vendor/laravel/framework/src/Illuminate/Foundation/Application.php(840): Illuminate\\Container\\Container->make()
#9 /root/laravel_test/laravel-crud-mysql/vendor/laravel/framework/src/Illuminate/Container/Container.php(1027): Illuminate\\Foundation\\Application->make()
#10 /root/laravel_test/laravel-crud-mysql/vendor/laravel/framework/src/Illuminate/Container/Container.php(947): Illuminate\\Container\\Container->resolveClass()
#11 /root/laravel_test/laravel-crud-mysql/vendor/laravel/framework/src/Illuminate/Container/Container.php(908): Illuminate\\Container\\Container->resolveDependencies()
#12 /root/laravel_test/laravel-crud-mysql/vendor/laravel/framework/src/Illuminate/Container/Container.php(758): Illuminate\\Container\\Container->build()
#13 /root/laravel_test/laravel-crud-mysql/vendor/laravel/framework/src/Illuminate/Foundation/Application.php(855): Illuminate\\Container\\Container->resolve()
#14 /root/laravel_test/laravel-crud-mysql/vendor/laravel/framework/src/Illuminate/Container/Container.php(694): Illuminate\\Foundation\\Application->resolve()
#15 /root/laravel_test/laravel-crud-mysql/vendor/laravel/framework/src/Illuminate/Foundation/Application.php(840): Illuminate\\Container\\Container->make()
#16 /root/laravel_test/laravel-crud-mysql/vendor/laravel/framework/src/Illuminate/Foundation/Http/Kernel.php(206): Illuminate\\Foundation\\Application->make()
#17 /root/laravel_test/laravel-crud-mysql/vendor/laravel/framework/src/Illuminate/Foundation/Http/Kernel.php(180): Illuminate\\Foundation\\Http\\Kernel->terminateMiddleware()
#18 /root/laravel_test/laravel-crud-mysql/public/index.php(55): Illuminate\\Foundation\\Http\\Kernel->terminate()
#19 /root/laravel_test/laravel-crud-mysql/vendor/laravel/framework/src/Illuminate/Foundation/resources/server.php(16): require_once('...')
#20 {main}
"} 
[2025-02-01 00:51:16] local.ERROR: No application encryption key has been specified. {"exception":"[object] (Illuminate\\Encryption\\MissingAppKeyException(code: 0): No application encryption key has been specified. at /root/laravel_test/laravel-crud-mysql/vendor/laravel/framework/src/Illuminate/Encryption/EncryptionServiceProvider.php:79)
[stacktrace]
#0 /root/laravel_test/laravel-crud-mysql/vendor/laravel/framework/src/Illuminate/Support/helpers.php(302): Illuminate\\Encryption\\EncryptionServiceProvider->Illuminate\\Encryption\\{closure}()
#1 /root/laravel_test/laravel-crud-mysql/vendor/laravel/framework/src/Illuminate/Encryption/EncryptionServiceProvider.php(81): tap()
#2 /root/laravel_test/laravel-crud-mysql/vendor/laravel/framework/src/Illuminate/Encryption/EncryptionServiceProvider.php(60): Illuminate\\Encryption\\EncryptionServiceProvider->key()
#3 /root/laravel_test/laravel-crud-mysql/vendor/laravel/framework/src/Illuminate/Encryption/EncryptionServiceProvider.php(32): Illuminate\\Encryption\\EncryptionServiceProvider->parseKey()
#4 /root/laravel_test/laravel-crud-mysql/vendor/laravel/framework/src/Illuminate/Container/Container.php(873): Illuminate\\Encryption\\EncryptionServiceProvider->Illuminate\\Encryption\\{closure}()
#5 /root/laravel_test/laravel-crud-mysql/vendor/laravel/framework/src/Illuminate/Container/Container.php(758): Illuminate\\Container\\Container->build()
#6 /root/laravel_test/laravel-crud-mysql/vendor/laravel/framework/src/Illuminate/Foundation/Application.php(855): Illuminate\\Container\\Container->resolve()
#7 /root/laravel_test/laravel-crud-mysql/vendor/laravel/framework/src/Illuminate/Container/Container.php(694): Illuminate\\Foundation\\Application->resolve()
#8 /root/laravel_test/laravel-crud-mysql/vendor/laravel/framework/src/Illuminate/Foundation/Application.php(840): Illuminate\\Container\\Container->make()
#9 /root/laravel_test/laravel-crud-mysql/vendor/laravel/framework/src/Illuminate/Container/Container.php(1027): Illuminate\\Foundation\\Application->make()
#10 /root/laravel_test/laravel-crud-mysql/vendor/laravel/framework/src/Illuminate/Container/Container.php(947): Illuminate\\Container\\Container->resolveClass()
#11 /root/laravel_test/laravel-crud-mysql/vendor/laravel/framework/src/Illuminate/Container/Container.php(908): Illuminate\\Container\\Container->resolveDependencies()
#12 /root/laravel_test/laravel-crud-mysql/vendor/laravel/framework/src/Illuminate/Container/Container.php(758): Illuminate\\Container\\Container->build()
#13 /root/laravel_test/laravel-crud-mysql/vendor/laravel/framework/src/Illuminate/Foundation/Application.php(855): Illuminate\\Container\\Container->resolve()
#14 /root/laravel_test/laravel-crud-mysql/vendor/laravel/framework/src/Illuminate/Container/Container.php(694): Illuminate\\Foundation\\Application->resolve()
#15 /root/laravel_test/laravel-crud-mysql/vendor/laravel/framework/src/Illuminate/Foundation/Application.php(840): Illuminate\\Container\\Container->make()
#16 /root/laravel_test/laravel-crud-mysql/vendor/laravel/framework/src/Illuminate/Pipeline/Pipeline.php(156): Illuminate\\Foundation\\Application->make()
#17 /root/laravel_test/laravel-crud-mysql/vendor/laravel/framework/src/Illuminate/Pipeline/Pipeline.php(103): Illuminate\\Pipeline\\Pipeline->Illuminate\\Pipeline\\{closure}()
#18 /root/laravel_test/laravel-crud-mysql/vendor/laravel/framework/src/Illuminate/Routing/Router.php(723): Illuminate\\Pipeline\\Pipeline->then()
#19 /root/laravel_test/laravel-crud-mysql/vendor/laravel/framework/src/Illuminate/Routing/Router.php(698): Illuminate\\Routing\\Router->runRouteWithinStack()
#20 /root/laravel_test/laravel-crud-mysql/vendor/laravel/framework/src/Illuminate/Routing/Router.php(662): Illuminate\\Routing\\Router->runRoute()
#21 /root/laravel_test/laravel-crud-mysql/vendor/laravel/framework/src/Illuminate/Routing/Router.php(651): Illuminate\\Routing\\Router->dispatchToRoute()
#22 /root/laravel_test/laravel-crud-mysql/vendor/laravel/framework/src/Illuminate/Foundation/Http/Kernel.php(167): Illuminate\\Routing\\Router->dispatch()
#23 /root/laravel_test/laravel-crud-mysql/vendor/laravel/framework/src/Illuminate/Pipeline/Pipeline.php(128): Illuminate\\Foundation\\Http\\Kernel->Illuminate\\Foundation\\Http\\{closure}()
#24 /root/laravel_test/laravel-crud-mysql/vendor/laravel/framework/src/Illuminate/Foundation/Http/Middleware/TransformsRequest.php(21): Illuminate\\Pipeline\\Pipeline->Illuminate\\Pipeline\\{closure}()
#25 /root/laravel_test/laravel-crud-mysql/vendor/laravel/framework/src/Illuminate/Foundation/Http/Middleware/ConvertEmptyStringsToNull.php(31): Illuminate\\Foundation\\Http\\Middleware\\TransformsRequest->handle()
#26 /root/laravel_test/laravel-crud-mysql/vendor/laravel/framework/src/Illuminate/Pipeline/Pipeline.php(167): Illuminate\\Foundation\\Http\\Middleware\\ConvertEmptyStringsToNull->handle()
#27 /root/laravel_test/laravel-crud-mysql/vendor/laravel/framework/src/Illuminate/Foundation/Http/Middleware/TransformsRequest.php(21): Illuminate\\Pipeline\\Pipeline->Illuminate\\Pipeline\\{closure}()
#28 /root/laravel_test/laravel-crud-mysql/vendor/laravel/framework/src/Illuminate/Foundation/Http/Middleware/TrimStrings.php(40): Illuminate\\Foundation\\Http\\Middleware\\TransformsRequest->handle()
#29 /root/laravel_test/laravel-crud-mysql/vendor/laravel/framework/src/Illuminate/Pipeline/Pipeline.php(167): Illuminate\\Foundation\\Http\\Middleware\\TrimStrings->handle()
#30 /root/laravel_test/laravel-crud-mysql/vendor/laravel/framework/src/Illuminate/Foundation/Http/Middleware/ValidatePostSize.php(27): Illuminate\\Pipeline\\Pipeline->Illuminate\\Pipeline\\{closure}()
#31 /root/laravel_test/laravel-crud-mysql/vendor/laravel/framework/src/Illuminate/Pipeline/Pipeline.php(167): Illuminate\\Foundation\\Http\\Middleware\\ValidatePostSize->handle()
#32 /root/laravel_test/laravel-crud-mysql/vendor/laravel/framework/src/Illuminate/Foundation/Http/Middleware/PreventRequestsDuringMaintenance.php(86): Illuminate\\Pipeline\\Pipeline->Illuminate\\Pipeline\\{closure}()
#33 /root/laravel_test/laravel-crud-mysql/vendor/laravel/framework/src/Illuminate/Pipeline/Pipeline.php(167): Illuminate\\Foundation\\Http\\Middleware\\PreventRequestsDuringMaintenance->handle()
#34 /root/laravel_test/laravel-crud-mysql/vendor/fruitcake/laravel-cors/src/HandleCors.php(38): Illuminate\\Pipeline\\Pipeline->Illuminate\\Pipeline\\{closure}()
#35 /root/laravel_test/laravel-crud-mysql/vendor/laravel/framework/src/Illuminate/Pipeline/Pipeline.php(167): Fruitcake\\Cors\\HandleCors->handle()
#36 /root/laravel_test/laravel-crud-mysql/vendor/laravel/framework/src/Illuminate/Http/Middleware/TrustProxies.php(39): Illuminate\\Pipeline\\Pipeline->Illuminate\\Pipeline\\{closure}()
#37 /root/laravel_test/laravel-crud-mysql/vendor/laravel/framework/src/Illuminate/Pipeline/Pipeline.php(167): Illuminate\\Http\\Middleware\\TrustProxies->handle()
#38 /root/laravel_test/laravel-crud-mysql/vendor/laravel/framework/src/Illuminate/Pipeline/Pipeline.php(103): Illuminate\\Pipeline\\Pipeline->Illuminate\\Pipeline\\{closure}()
#39 /root/laravel_test/laravel-crud-mysql/vendor/laravel/framework/src/Illuminate/Foundation/Http/Kernel.php(142): Illuminate\\Pipeline\\Pipeline->then()
#40 /root/laravel_test/laravel-crud-mysql/vendor/laravel/framework/src/Illuminate/Foundation/Http/Kernel.php(111): Illuminate\\Foundation\\Http\\Kernel->sendRequestThroughRouter()
#41 /root/laravel_test/laravel-crud-mysql/public/index.php(52): Illuminate\\Foundation\\Http\\Kernel->handle()
#42 /root/laravel_test/laravel-crud-mysql/vendor/laravel/framework/src/Illuminate/Foundation/resources/server.php(16): require_once('...')
#43 {main}
"} 
[2025-02-01 00:51:16] local.ERROR: No application encryption key has been specified. {"exception":"[object] (Illuminate\\Encryption\\MissingAppKeyException(code: 0): No application encryption key has been specified. at /root/laravel_test/laravel-crud-mysql/vendor/laravel/framework/src/Illuminate/Encryption/EncryptionServiceProvider.php:79)
[stacktrace]
#0 /root/laravel_test/laravel-crud-mysql/vendor/laravel/framework/src/Illuminate/Support/helpers.php(302): Illuminate\\Encryption\\EncryptionServiceProvider->Illuminate\\Encryption\\{closure}()
#1 /root/laravel_test/laravel-crud-mysql/vendor/laravel/framework/src/Illuminate/Encryption/EncryptionServiceProvider.php(81): tap()
#2 /root/laravel_test/laravel-crud-mysql/vendor/laravel/framework/src/Illuminate/Encryption/EncryptionServiceProvider.php(60): Illuminate\\Encryption\\EncryptionServiceProvider->key()
#3 /root/laravel_test/laravel-crud-mysql/vendor/laravel/framework/src/Illuminate/Encryption/EncryptionServiceProvider.php(32): Illuminate\\Encryption\\EncryptionServiceProvider->parseKey()
#4 /root/laravel_test/laravel-crud-mysql/vendor/laravel/framework/src/Illuminate/Container/Container.php(873): Illuminate\\Encryption\\EncryptionServiceProvider->Illuminate\\Encryption\\{closure}()
#5 /root/laravel_test/laravel-crud-mysql/vendor/laravel/framework/src/Illuminate/Container/Container.php(758): Illuminate\\Container\\Container->build()
#6 /root/laravel_test/laravel-crud-mysql/vendor/laravel/framework/src/Illuminate/Foundation/Application.php(855): Illuminate\\Container\\Container->resolve()
#7 /root/laravel_test/laravel-crud-mysql/vendor/laravel/framework/src/Illuminate/Container/Container.php(694): Illuminate\\Foundation\\Application->resolve()
#8 /root/laravel_test/laravel-crud-mysql/vendor/laravel/framework/src/Illuminate/Foundation/Application.php(840): Illuminate\\Container\\Container->make()
#9 /root/laravel_test/laravel-crud-mysql/vendor/laravel/framework/src/Illuminate/Container/Container.php(1027): Illuminate\\Foundation\\Application->make()
#10 /root/laravel_test/laravel-crud-mysql/vendor/laravel/framework/src/Illuminate/Container/Container.php(947): Illuminate\\Container\\Container->resolveClass()
#11 /root/laravel_test/laravel-crud-mysql/vendor/laravel/framework/src/Illuminate/Container/Container.php(908): Illuminate\\Container\\Container->resolveDependencies()
#12 /root/laravel_test/laravel-crud-mysql/vendor/laravel/framework/src/Illuminate/Container/Container.php(758): Illuminate\\Container\\Container->build()
#13 /root/laravel_test/laravel-crud-mysql/vendor/laravel/framework/src/Illuminate/Foundation/Application.php(855): Illuminate\\Container\\Container->resolve()
#14 /root/laravel_test/laravel-crud-mysql/vendor/laravel/framework/src/Illuminate/Container/Container.php(694): Illuminate\\Foundation\\Application->resolve()
#15 /root/laravel_test/laravel-crud-mysql/vendor/laravel/framework/src/Illuminate/Foundation/Application.php(840): Illuminate\\Container\\Container->make()
#16 /root/laravel_test/laravel-crud-mysql/vendor/laravel/framework/src/Illuminate/Foundation/Http/Kernel.php(206): Illuminate\\Foundation\\Application->make()
#17 /root/laravel_test/laravel-crud-mysql/vendor/laravel/framework/src/Illuminate/Foundation/Http/Kernel.php(180): Illuminate\\Foundation\\Http\\Kernel->terminateMiddleware()
#18 /root/laravel_test/laravel-crud-mysql/public/index.php(55): Illuminate\\Foundation\\Http\\Kernel->terminate()
#19 /root/laravel_test/laravel-crud-mysql/vendor/laravel/framework/src/Illuminate/Foundation/resources/server.php(16): require_once('...')
#20 {main}
"} 
[2025-02-01 01:02:58] local.ERROR: No application encryption key has been specified. {"exception":"[object] (Illuminate\\Encryption\\MissingAppKeyException(code: 0): No application encryption key has been specified. at /root/laravel_test/laravel-crud-mysql/vendor/laravel/framework/src/Illuminate/Encryption/EncryptionServiceProvider.php:79)
[stacktrace]
#0 /root/laravel_test/laravel-crud-mysql/vendor/laravel/framework/src/Illuminate/Support/helpers.php(302): Illuminate\\Encryption\\EncryptionServiceProvider->Illuminate\\Encryption\\{closure}()
#1 /root/laravel_test/laravel-crud-mysql/vendor/laravel/framework/src/Illuminate/Encryption/EncryptionServiceProvider.php(81): tap()
#2 /root/laravel_test/laravel-crud-mysql/vendor/laravel/framework/src/Illuminate/Encryption/EncryptionServiceProvider.php(60): Illuminate\\Encryption\\EncryptionServiceProvider->key()
#3 /root/laravel_test/laravel-crud-mysql/vendor/laravel/framework/src/Illuminate/Encryption/EncryptionServiceProvider.php(32): Illuminate\\Encryption\\EncryptionServiceProvider->parseKey()
#4 /root/laravel_test/laravel-crud-mysql/vendor/laravel/framework/src/Illuminate/Container/Container.php(873): Illuminate\\Encryption\\EncryptionServiceProvider->Illuminate\\Encryption\\{closure}()
#5 /root/laravel_test/laravel-crud-mysql/vendor/laravel/framework/src/Illuminate/Container/Container.php(758): Illuminate\\Container\\Container->build()
#6 /root/laravel_test/laravel-crud-mysql/vendor/laravel/framework/src/Illuminate/Foundation/Application.php(855): Illuminate\\Container\\Container->resolve()
#7 /root/laravel_test/laravel-crud-mysql/vendor/laravel/framework/src/Illuminate/Container/Container.php(694): Illuminate\\Foundation\\Application->resolve()
#8 /root/laravel_test/laravel-crud-mysql/vendor/laravel/framework/src/Illuminate/Foundation/Application.php(840): Illuminate\\Container\\Container->make()
#9 /root/laravel_test/laravel-crud-mysql/vendor/laravel/framework/src/Illuminate/Container/Container.php(1027): Illuminate\\Foundation\\Application->make()
#10 /root/laravel_test/laravel-crud-mysql/vendor/laravel/framework/src/Illuminate/Container/Container.php(947): Illuminate\\Container\\Container->resolveClass()
#11 /root/laravel_test/laravel-crud-mysql/vendor/laravel/framework/src/Illuminate/Container/Container.php(908): Illuminate\\Container\\Container->resolveDependencies()
#12 /root/laravel_test/laravel-crud-mysql/vendor/laravel/framework/src/Illuminate/Container/Container.php(758): Illuminate\\Container\\Container->build()
#13 /root/laravel_test/laravel-crud-mysql/vendor/laravel/framework/src/Illuminate/Foundation/Application.php(855): Illuminate\\Container\\Container->resolve()
#14 /root/laravel_test/laravel-crud-mysql/vendor/laravel/framework/src/Illuminate/Container/Container.php(694): Illuminate\\Foundation\\Application->resolve()
#15 /root/laravel_test/laravel-crud-mysql/vendor/laravel/framework/src/Illuminate/Foundation/Application.php(840): Illuminate\\Container\\Container->make()
#16 /root/laravel_test/laravel-crud-mysql/vendor/laravel/framework/src/Illuminate/Pipeline/Pipeline.php(156): Illuminate\\Foundation\\Application->make()
#17 /root/laravel_test/laravel-crud-mysql/vendor/laravel/framework/src/Illuminate/Pipeline/Pipeline.php(103): Illuminate\\Pipeline\\Pipeline->Illuminate\\Pipeline\\{closure}()
#18 /root/laravel_test/laravel-crud-mysql/vendor/laravel/framework/src/Illuminate/Routing/Router.php(723): Illuminate\\Pipeline\\Pipeline->then()
#19 /root/laravel_test/laravel-crud-mysql/vendor/laravel/framework/src/Illuminate/Routing/Router.php(698): Illuminate\\Routing\\Router->runRouteWithinStack()
#20 /root/laravel_test/laravel-crud-mysql/vendor/laravel/framework/src/Illuminate/Routing/Router.php(662): Illuminate\\Routing\\Router->runRoute()
#21 /root/laravel_test/laravel-crud-mysql/vendor/laravel/framework/src/Illuminate/Routing/Router.php(651): Illuminate\\Routing\\Router->dispatchToRoute()
#22 /root/laravel_test/laravel-crud-mysql/vendor/laravel/framework/src/Illuminate/Foundation/Http/Kernel.php(167): Illuminate\\Routing\\Router->dispatch()
#23 /root/laravel_test/laravel-crud-mysql/vendor/laravel/framework/src/Illuminate/Pipeline/Pipeline.php(128): Illuminate\\Foundation\\Http\\Kernel->Illuminate\\Foundation\\Http\\{closure}()
#24 /root/laravel_test/laravel-crud-mysql/vendor/laravel/framework/src/Illuminate/Foundation/Http/Middleware/TransformsRequest.php(21): Illuminate\\Pipeline\\Pipeline->Illuminate\\Pipeline\\{closure}()
#25 /root/laravel_test/laravel-crud-mysql/vendor/laravel/framework/src/Illuminate/Foundation/Http/Middleware/ConvertEmptyStringsToNull.php(31): Illuminate\\Foundation\\Http\\Middleware\\TransformsRequest->handle()
#26 /root/laravel_test/laravel-crud-mysql/vendor/laravel/framework/src/Illuminate/Pipeline/Pipeline.php(167): Illuminate\\Foundation\\Http\\Middleware\\ConvertEmptyStringsToNull->handle()
#27 /root/laravel_test/laravel-crud-mysql/vendor/laravel/framework/src/Illuminate/Foundation/Http/Middleware/TransformsRequest.php(21): Illuminate\\Pipeline\\Pipeline->Illuminate\\Pipeline\\{closure}()
#28 /root/laravel_test/laravel-crud-mysql/vendor/laravel/framework/src/Illuminate/Foundation/Http/Middleware/TrimStrings.php(40): Illuminate\\Foundation\\Http\\Middleware\\TransformsRequest->handle()
#29 /root/laravel_test/laravel-crud-mysql/vendor/laravel/framework/src/Illuminate/Pipeline/Pipeline.php(167): Illuminate\\Foundation\\Http\\Middleware\\TrimStrings->handle()
#30 /root/laravel_test/laravel-crud-mysql/vendor/laravel/framework/src/Illuminate/Foundation/Http/Middleware/ValidatePostSize.php(27): Illuminate\\Pipeline\\Pipeline->Illuminate\\Pipeline\\{closure}()
#31 /root/laravel_test/laravel-crud-mysql/vendor/laravel/framework/src/Illuminate/Pipeline/Pipeline.php(167): Illuminate\\Foundation\\Http\\Middleware\\ValidatePostSize->handle()
#32 /root/laravel_test/laravel-crud-mysql/vendor/laravel/framework/src/Illuminate/Foundation/Http/Middleware/PreventRequestsDuringMaintenance.php(86): Illuminate\\Pipeline\\Pipeline->Illuminate\\Pipeline\\{closure}()
#33 /root/laravel_test/laravel-crud-mysql/vendor/laravel/framework/src/Illuminate/Pipeline/Pipeline.php(167): Illuminate\\Foundation\\Http\\Middleware\\PreventRequestsDuringMaintenance->handle()
#34 /root/laravel_test/laravel-crud-mysql/vendor/fruitcake/laravel-cors/src/HandleCors.php(38): Illuminate\\Pipeline\\Pipeline->Illuminate\\Pipeline\\{closure}()
#35 /root/laravel_test/laravel-crud-mysql/vendor/laravel/framework/src/Illuminate/Pipeline/Pipeline.php(167): Fruitcake\\Cors\\HandleCors->handle()
#36 /root/laravel_test/laravel-crud-mysql/vendor/laravel/framework/src/Illuminate/Http/Middleware/TrustProxies.php(39): Illuminate\\Pipeline\\Pipeline->Illuminate\\Pipeline\\{closure}()
#37 /root/laravel_test/laravel-crud-mysql/vendor/laravel/framework/src/Illuminate/Pipeline/Pipeline.php(167): Illuminate\\Http\\Middleware\\TrustProxies->handle()
#38 /root/laravel_test/laravel-crud-mysql/vendor/laravel/framework/src/Illuminate/Pipeline/Pipeline.php(103): Illuminate\\Pipeline\\Pipeline->Illuminate\\Pipeline\\{closure}()
#39 /root/laravel_test/laravel-crud-mysql/vendor/laravel/framework/src/Illuminate/Foundation/Http/Kernel.php(142): Illuminate\\Pipeline\\Pipeline->then()
#40 /root/laravel_test/laravel-crud-mysql/vendor/laravel/framework/src/Illuminate/Foundation/Http/Kernel.php(111): Illuminate\\Foundation\\Http\\Kernel->sendRequestThroughRouter()
#41 /root/laravel_test/laravel-crud-mysql/public/index.php(52): Illuminate\\Foundation\\Http\\Kernel->handle()
#42 /root/laravel_test/laravel-crud-mysql/vendor/laravel/framework/src/Illuminate/Foundation/resources/server.php(16): require_once('...')
#43 {main}
"} 
[2025-02-01 01:02:58] local.ERROR: No application encryption key has been specified. {"exception":"[object] (Illuminate\\Encryption\\MissingAppKeyException(code: 0): No application encryption key has been specified. at /root/laravel_test/laravel-crud-mysql/vendor/laravel/framework/src/Illuminate/Encryption/EncryptionServiceProvider.php:79)
[stacktrace]
#0 /root/laravel_test/laravel-crud-mysql/vendor/laravel/framework/src/Illuminate/Support/helpers.php(302): Illuminate\\Encryption\\EncryptionServiceProvider->Illuminate\\Encryption\\{closure}()
#1 /root/laravel_test/laravel-crud-mysql/vendor/laravel/framework/src/Illuminate/Encryption/EncryptionServiceProvider.php(81): tap()
#2 /root/laravel_test/laravel-crud-mysql/vendor/laravel/framework/src/Illuminate/Encryption/EncryptionServiceProvider.php(60): Illuminate\\Encryption\\EncryptionServiceProvider->key()
#3 /root/laravel_test/laravel-crud-mysql/vendor/laravel/framework/src/Illuminate/Encryption/EncryptionServiceProvider.php(32): Illuminate\\Encryption\\EncryptionServiceProvider->parseKey()
#4 /root/laravel_test/laravel-crud-mysql/vendor/laravel/framework/src/Illuminate/Container/Container.php(873): Illuminate\\Encryption\\EncryptionServiceProvider->Illuminate\\Encryption\\{closure}()
#5 /root/laravel_test/laravel-crud-mysql/vendor/laravel/framework/src/Illuminate/Container/Container.php(758): Illuminate\\Container\\Container->build()
#6 /root/laravel_test/laravel-crud-mysql/vendor/laravel/framework/src/Illuminate/Foundation/Application.php(855): Illuminate\\Container\\Container->resolve()
#7 /root/laravel_test/laravel-crud-mysql/vendor/laravel/framework/src/Illuminate/Container/Container.php(694): Illuminate\\Foundation\\Application->resolve()
#8 /root/laravel_test/laravel-crud-mysql/vendor/laravel/framework/src/Illuminate/Foundation/Application.php(840): Illuminate\\Container\\Container->make()
#9 /root/laravel_test/laravel-crud-mysql/vendor/laravel/framework/src/Illuminate/Container/Container.php(1027): Illuminate\\Foundation\\Application->make()
#10 /root/laravel_test/laravel-crud-mysql/vendor/laravel/framework/src/Illuminate/Container/Container.php(947): Illuminate\\Container\\Container->resolveClass()
#11 /root/laravel_test/laravel-crud-mysql/vendor/laravel/framework/src/Illuminate/Container/Container.php(908): Illuminate\\Container\\Container->resolveDependencies()
#12 /root/laravel_test/laravel-crud-mysql/vendor/laravel/framework/src/Illuminate/Container/Container.php(758): Illuminate\\Container\\Container->build()
#13 /root/laravel_test/laravel-crud-mysql/vendor/laravel/framework/src/Illuminate/Foundation/Application.php(855): Illuminate\\Container\\Container->resolve()
#14 /root/laravel_test/laravel-crud-mysql/vendor/laravel/framework/src/Illuminate/Container/Container.php(694): Illuminate\\Foundation\\Application->resolve()
#15 /root/laravel_test/laravel-crud-mysql/vendor/laravel/framework/src/Illuminate/Foundation/Application.php(840): Illuminate\\Container\\Container->make()
#16 /root/laravel_test/laravel-crud-mysql/vendor/laravel/framework/src/Illuminate/Foundation/Http/Kernel.php(206): Illuminate\\Foundation\\Application->make()
#17 /root/laravel_test/laravel-crud-mysql/vendor/laravel/framework/src/Illuminate/Foundation/Http/Kernel.php(180): Illuminate\\Foundation\\Http\\Kernel->terminateMiddleware()
#18 /root/laravel_test/laravel-crud-mysql/public/index.php(55): Illuminate\\Foundation\\Http\\Kernel->terminate()
#19 /root/laravel_test/laravel-crud-mysql/vendor/laravel/framework/src/Illuminate/Foundation/resources/server.php(16): require_once('...')
#20 {main}
"} 
[2025-02-01 01:03:29] local.ERROR: No application encryption key has been specified. {"exception":"[object] (Illuminate\\Encryption\\MissingAppKeyException(code: 0): No application encryption key has been specified. at /root/laravel_test/laravel-crud-mysql/vendor/laravel/framework/src/Illuminate/Encryption/EncryptionServiceProvider.php:79)
[stacktrace]
#0 /root/laravel_test/laravel-crud-mysql/vendor/laravel/framework/src/Illuminate/Support/helpers.php(302): Illuminate\\Encryption\\EncryptionServiceProvider->Illuminate\\Encryption\\{closure}()
#1 /root/laravel_test/laravel-crud-mysql/vendor/laravel/framework/src/Illuminate/Encryption/EncryptionServiceProvider.php(81): tap()
#2 /root/laravel_test/laravel-crud-mysql/vendor/laravel/framework/src/Illuminate/Encryption/EncryptionServiceProvider.php(60): Illuminate\\Encryption\\EncryptionServiceProvider->key()
#3 /root/laravel_test/laravel-crud-mysql/vendor/laravel/framework/src/Illuminate/Encryption/EncryptionServiceProvider.php(32): Illuminate\\Encryption\\EncryptionServiceProvider->parseKey()
#4 /root/laravel_test/laravel-crud-mysql/vendor/laravel/framework/src/Illuminate/Container/Container.php(873): Illuminate\\Encryption\\EncryptionServiceProvider->Illuminate\\Encryption\\{closure}()
#5 /root/laravel_test/laravel-crud-mysql/vendor/laravel/framework/src/Illuminate/Container/Container.php(758): Illuminate\\Container\\Container->build()
#6 /root/laravel_test/laravel-crud-mysql/vendor/laravel/framework/src/Illuminate/Foundation/Application.php(855): Illuminate\\Container\\Container->resolve()
#7 /root/laravel_test/laravel-crud-mysql/vendor/laravel/framework/src/Illuminate/Container/Container.php(694): Illuminate\\Foundation\\Application->resolve()
#8 /root/laravel_test/laravel-crud-mysql/vendor/laravel/framework/src/Illuminate/Foundation/Application.php(840): Illuminate\\Container\\Container->make()
#9 /root/laravel_test/laravel-crud-mysql/vendor/laravel/framework/src/Illuminate/Container/Container.php(1027): Illuminate\\Foundation\\Application->make()
#10 /root/laravel_test/laravel-crud-mysql/vendor/laravel/framework/src/Illuminate/Container/Container.php(947): Illuminate\\Container\\Container->resolveClass()
#11 /root/laravel_test/laravel-crud-mysql/vendor/laravel/framework/src/Illuminate/Container/Container.php(908): Illuminate\\Container\\Container->resolveDependencies()
#12 /root/laravel_test/laravel-crud-mysql/vendor/laravel/framework/src/Illuminate/Container/Container.php(758): Illuminate\\Container\\Container->build()
#13 /root/laravel_test/laravel-crud-mysql/vendor/laravel/framework/src/Illuminate/Foundation/Application.php(855): Illuminate\\Container\\Container->resolve()
#14 /root/laravel_test/laravel-crud-mysql/vendor/laravel/framework/src/Illuminate/Container/Container.php(694): Illuminate\\Foundation\\Application->resolve()
#15 /root/laravel_test/laravel-crud-mysql/vendor/laravel/framework/src/Illuminate/Foundation/Application.php(840): Illuminate\\Container\\Container->make()
#16 /root/laravel_test/laravel-crud-mysql/vendor/laravel/framework/src/Illuminate/Pipeline/Pipeline.php(156): Illuminate\\Foundation\\Application->make()
#17 /root/laravel_test/laravel-crud-mysql/vendor/laravel/framework/src/Illuminate/Pipeline/Pipeline.php(103): Illuminate\\Pipeline\\Pipeline->Illuminate\\Pipeline\\{closure}()
#18 /root/laravel_test/laravel-crud-mysql/vendor/laravel/framework/src/Illuminate/Routing/Router.php(723): Illuminate\\Pipeline\\Pipeline->then()
#19 /root/laravel_test/laravel-crud-mysql/vendor/laravel/framework/src/Illuminate/Routing/Router.php(698): Illuminate\\Routing\\Router->runRouteWithinStack()
#20 /root/laravel_test/laravel-crud-mysql/vendor/laravel/framework/src/Illuminate/Routing/Router.php(662): Illuminate\\Routing\\Router->runRoute()
#21 /root/laravel_test/laravel-crud-mysql/vendor/laravel/framework/src/Illuminate/Routing/Router.php(651): Illuminate\\Routing\\Router->dispatchToRoute()
#22 /root/laravel_test/laravel-crud-mysql/vendor/laravel/framework/src/Illuminate/Foundation/Http/Kernel.php(167): Illuminate\\Routing\\Router->dispatch()
#23 /root/laravel_test/laravel-crud-mysql/vendor/laravel/framework/src/Illuminate/Pipeline/Pipeline.php(128): Illuminate\\Foundation\\Http\\Kernel->Illuminate\\Foundation\\Http\\{closure}()
#24 /root/laravel_test/laravel-crud-mysql/vendor/laravel/framework/src/Illuminate/Foundation/Http/Middleware/TransformsRequest.php(21): Illuminate\\Pipeline\\Pipeline->Illuminate\\Pipeline\\{closure}()
#25 /root/laravel_test/laravel-crud-mysql/vendor/laravel/framework/src/Illuminate/Foundation/Http/Middleware/ConvertEmptyStringsToNull.php(31): Illuminate\\Foundation\\Http\\Middleware\\TransformsRequest->handle()
#26 /root/laravel_test/laravel-crud-mysql/vendor/laravel/framework/src/Illuminate/Pipeline/Pipeline.php(167): Illuminate\\Foundation\\Http\\Middleware\\ConvertEmptyStringsToNull->handle()
#27 /root/laravel_test/laravel-crud-mysql/vendor/laravel/framework/src/Illuminate/Foundation/Http/Middleware/TransformsRequest.php(21): Illuminate\\Pipeline\\Pipeline->Illuminate\\Pipeline\\{closure}()
#28 /root/laravel_test/laravel-crud-mysql/vendor/laravel/framework/src/Illuminate/Foundation/Http/Middleware/TrimStrings.php(40): Illuminate\\Foundation\\Http\\Middleware\\TransformsRequest->handle()
#29 /root/laravel_test/laravel-crud-mysql/vendor/laravel/framework/src/Illuminate/Pipeline/Pipeline.php(167): Illuminate\\Foundation\\Http\\Middleware\\TrimStrings->handle()
#30 /root/laravel_test/laravel-crud-mysql/vendor/laravel/framework/src/Illuminate/Foundation/Http/Middleware/ValidatePostSize.php(27): Illuminate\\Pipeline\\Pipeline->Illuminate\\Pipeline\\{closure}()
#31 /root/laravel_test/laravel-crud-mysql/vendor/laravel/framework/src/Illuminate/Pipeline/Pipeline.php(167): Illuminate\\Foundation\\Http\\Middleware\\ValidatePostSize->handle()
#32 /root/laravel_test/laravel-crud-mysql/vendor/laravel/framework/src/Illuminate/Foundation/Http/Middleware/PreventRequestsDuringMaintenance.php(86): Illuminate\\Pipeline\\Pipeline->Illuminate\\Pipeline\\{closure}()
#33 /root/laravel_test/laravel-crud-mysql/vendor/laravel/framework/src/Illuminate/Pipeline/Pipeline.php(167): Illuminate\\Foundation\\Http\\Middleware\\PreventRequestsDuringMaintenance->handle()
#34 /root/laravel_test/laravel-crud-mysql/vendor/fruitcake/laravel-cors/src/HandleCors.php(38): Illuminate\\Pipeline\\Pipeline->Illuminate\\Pipeline\\{closure}()
#35 /root/laravel_test/laravel-crud-mysql/vendor/laravel/framework/src/Illuminate/Pipeline/Pipeline.php(167): Fruitcake\\Cors\\HandleCors->handle()
#36 /root/laravel_test/laravel-crud-mysql/vendor/laravel/framework/src/Illuminate/Http/Middleware/TrustProxies.php(39): Illuminate\\Pipeline\\Pipeline->Illuminate\\Pipeline\\{closure}()
#37 /root/laravel_test/laravel-crud-mysql/vendor/laravel/framework/src/Illuminate/Pipeline/Pipeline.php(167): Illuminate\\Http\\Middleware\\TrustProxies->handle()
#38 /root/laravel_test/laravel-crud-mysql/vendor/laravel/framework/src/Illuminate/Pipeline/Pipeline.php(103): Illuminate\\Pipeline\\Pipeline->Illuminate\\Pipeline\\{closure}()
#39 /root/laravel_test/laravel-crud-mysql/vendor/laravel/framework/src/Illuminate/Foundation/Http/Kernel.php(142): Illuminate\\Pipeline\\Pipeline->then()
#40 /root/laravel_test/laravel-crud-mysql/vendor/laravel/framework/src/Illuminate/Foundation/Http/Kernel.php(111): Illuminate\\Foundation\\Http\\Kernel->sendRequestThroughRouter()
#41 /root/laravel_test/laravel-crud-mysql/public/index.php(52): Illuminate\\Foundation\\Http\\Kernel->handle()
#42 /root/laravel_test/laravel-crud-mysql/vendor/laravel/framework/src/Illuminate/Foundation/resources/server.php(16): require_once('...')
#43 {main}
"} 
[2025-02-01 01:03:29] local.ERROR: No application encryption key has been specified. {"exception":"[object] (Illuminate\\Encryption\\MissingAppKeyException(code: 0): No application encryption key has been specified. at /root/laravel_test/laravel-crud-mysql/vendor/laravel/framework/src/Illuminate/Encryption/EncryptionServiceProvider.php:79)
[stacktrace]
#0 /root/laravel_test/laravel-crud-mysql/vendor/laravel/framework/src/Illuminate/Support/helpers.php(302): Illuminate\\Encryption\\EncryptionServiceProvider->Illuminate\\Encryption\\{closure}()
#1 /root/laravel_test/laravel-crud-mysql/vendor/laravel/framework/src/Illuminate/Encryption/EncryptionServiceProvider.php(81): tap()
#2 /root/laravel_test/laravel-crud-mysql/vendor/laravel/framework/src/Illuminate/Encryption/EncryptionServiceProvider.php(60): Illuminate\\Encryption\\EncryptionServiceProvider->key()
#3 /root/laravel_test/laravel-crud-mysql/vendor/laravel/framework/src/Illuminate/Encryption/EncryptionServiceProvider.php(32): Illuminate\\Encryption\\EncryptionServiceProvider->parseKey()
#4 /root/laravel_test/laravel-crud-mysql/vendor/laravel/framework/src/Illuminate/Container/Container.php(873): Illuminate\\Encryption\\EncryptionServiceProvider->Illuminate\\Encryption\\{closure}()
#5 /root/laravel_test/laravel-crud-mysql/vendor/laravel/framework/src/Illuminate/Container/Container.php(758): Illuminate\\Container\\Container->build()
#6 /root/laravel_test/laravel-crud-mysql/vendor/laravel/framework/src/Illuminate/Foundation/Application.php(855): Illuminate\\Container\\Container->resolve()
#7 /root/laravel_test/laravel-crud-mysql/vendor/laravel/framework/src/Illuminate/Container/Container.php(694): Illuminate\\Foundation\\Application->resolve()
#8 /root/laravel_test/laravel-crud-mysql/vendor/laravel/framework/src/Illuminate/Foundation/Application.php(840): Illuminate\\Container\\Container->make()
#9 /root/laravel_test/laravel-crud-mysql/vendor/laravel/framework/src/Illuminate/Container/Container.php(1027): Illuminate\\Foundation\\Application->make()
#10 /root/laravel_test/laravel-crud-mysql/vendor/laravel/framework/src/Illuminate/Container/Container.php(947): Illuminate\\Container\\Container->resolveClass()
#11 /root/laravel_test/laravel-crud-mysql/vendor/laravel/framework/src/Illuminate/Container/Container.php(908): Illuminate\\Container\\Container->resolveDependencies()
#12 /root/laravel_test/laravel-crud-mysql/vendor/laravel/framework/src/Illuminate/Container/Container.php(758): Illuminate\\Container\\Container->build()
#13 /root/laravel_test/laravel-crud-mysql/vendor/laravel/framework/src/Illuminate/Foundation/Application.php(855): Illuminate\\Container\\Container->resolve()
#14 /root/laravel_test/laravel-crud-mysql/vendor/laravel/framework/src/Illuminate/Container/Container.php(694): Illuminate\\Foundation\\Application->resolve()
#15 /root/laravel_test/laravel-crud-mysql/vendor/laravel/framework/src/Illuminate/Foundation/Application.php(840): Illuminate\\Container\\Container->make()
#16 /root/laravel_test/laravel-crud-mysql/vendor/laravel/framework/src/Illuminate/Foundation/Http/Kernel.php(206): Illuminate\\Foundation\\Application->make()
#17 /root/laravel_test/laravel-crud-mysql/vendor/laravel/framework/src/Illuminate/Foundation/Http/Kernel.php(180): Illuminate\\Foundation\\Http\\Kernel->terminateMiddleware()
#18 /root/laravel_test/laravel-crud-mysql/public/index.php(55): Illuminate\\Foundation\\Http\\Kernel->terminate()
#19 /root/laravel_test/laravel-crud-mysql/vendor/laravel/framework/src/Illuminate/Foundation/resources/server.php(16): require_once('...')
#20 {main}
"} 
[2025-02-01 01:15:59] local.ERROR: View [layouts.app] not found. {"view":{"view":"/root/laravel_test/laravel-crud-mysql/resources/views/test.blade.php","data":[]},"exception":"[object] (Spatie\\LaravelIgnition\\Exceptions\\ViewException(code: 0): View [layouts.app] not found. at /root/laravel_test/laravel-crud-mysql/vendor/laravel/framework/src/Illuminate/View/FileViewFinder.php:137)
[stacktrace]
#0 /root/laravel_test/laravel-crud-mysql/vendor/laravel/framework/src/Illuminate/View/FileViewFinder.php(79): Illuminate\\View\\FileViewFinder->findInPaths()
#1 /root/laravel_test/laravel-crud-mysql/vendor/laravel/framework/src/Illuminate/View/Factory.php(137): Illuminate\\View\\FileViewFinder->find()
#2 /root/laravel_test/laravel-crud-mysql/resources/views/test.blade.php(10): Illuminate\\View\\Factory->make()
#3 /root/laravel_test/laravel-crud-mysql/vendor/laravel/framework/src/Illuminate/Filesystem/Filesystem.php(107): require('...')
#4 /root/laravel_test/laravel-crud-mysql/vendor/laravel/framework/src/Illuminate/Filesystem/Filesystem.php(108): Illuminate\\Filesystem\\Filesystem::Illuminate\\Filesystem\\{closure}()
#5 /root/laravel_test/laravel-crud-mysql/vendor/laravel/framework/src/Illuminate/View/Engines/PhpEngine.php(58): Illuminate\\Filesystem\\Filesystem->getRequire()
#6 /root/laravel_test/laravel-crud-mysql/vendor/laravel/framework/src/Illuminate/View/Engines/CompilerEngine.php(61): Illuminate\\View\\Engines\\PhpEngine->evaluatePath()
#7 /root/laravel_test/laravel-crud-mysql/vendor/laravel/framework/src/Illuminate/View/View.php(139): Illuminate\\View\\Engines\\CompilerEngine->get()
#8 /root/laravel_test/laravel-crud-mysql/vendor/laravel/framework/src/Illuminate/View/View.php(122): Illuminate\\View\\View->getContents()
#9 /root/laravel_test/laravel-crud-mysql/vendor/laravel/framework/src/Illuminate/View/View.php(91): Illuminate\\View\\View->renderContents()
#10 /root/laravel_test/laravel-crud-mysql/vendor/laravel/framework/src/Illuminate/Http/Response.php(69): Illuminate\\View\\View->render()
#11 /root/laravel_test/laravel-crud-mysql/vendor/laravel/framework/src/Illuminate/Http/Response.php(35): Illuminate\\Http\\Response->setContent()
#12 /root/laravel_test/laravel-crud-mysql/vendor/laravel/framework/src/Illuminate/Routing/Router.php(830): Illuminate\\Http\\Response->__construct()
#13 /root/laravel_test/laravel-crud-mysql/vendor/laravel/framework/src/Illuminate/Routing/Router.php(799): Illuminate\\Routing\\Router::toResponse()
#14 /root/laravel_test/laravel-crud-mysql/vendor/laravel/framework/src/Illuminate/Routing/Router.php(721): Illuminate\\Routing\\Router->prepareResponse()
#15 /root/laravel_test/laravel-crud-mysql/vendor/laravel/framework/src/Illuminate/Pipeline/Pipeline.php(128): Illuminate\\Routing\\Router->Illuminate\\Routing\\{closure}()
#16 /root/laravel_test/laravel-crud-mysql/vendor/laravel/framework/src/Illuminate/Routing/Middleware/SubstituteBindings.php(50): Illuminate\\Pipeline\\Pipeline->Illuminate\\Pipeline\\{closure}()
#17 /root/laravel_test/laravel-crud-mysql/vendor/laravel/framework/src/Illuminate/Pipeline/Pipeline.php(167): Illuminate\\Routing\\Middleware\\SubstituteBindings->handle()
#18 /root/laravel_test/laravel-crud-mysql/vendor/laravel/framework/src/Illuminate/Foundation/Http/Middleware/VerifyCsrfToken.php(78): Illuminate\\Pipeline\\Pipeline->Illuminate\\Pipeline\\{closure}()
#19 /root/laravel_test/laravel-crud-mysql/vendor/laravel/framework/src/Illuminate/Pipeline/Pipeline.php(167): Illuminate\\Foundation\\Http\\Middleware\\VerifyCsrfToken->handle()
#20 /root/laravel_test/laravel-crud-mysql/vendor/laravel/framework/src/Illuminate/View/Middleware/ShareErrorsFromSession.php(49): Illuminate\\Pipeline\\Pipeline->Illuminate\\Pipeline\\{closure}()
#21 /root/laravel_test/laravel-crud-mysql/vendor/laravel/framework/src/Illuminate/Pipeline/Pipeline.php(167): Illuminate\\View\\Middleware\\ShareErrorsFromSession->handle()
#22 /root/laravel_test/laravel-crud-mysql/vendor/laravel/framework/src/Illuminate/Session/Middleware/StartSession.php(121): Illuminate\\Pipeline\\Pipeline->Illuminate\\Pipeline\\{closure}()
#23 /root/laravel_test/laravel-crud-mysql/vendor/laravel/framework/src/Illuminate/Session/Middleware/StartSession.php(64): Illuminate\\Session\\Middleware\\StartSession->handleStatefulRequest()
#24 /root/laravel_test/laravel-crud-mysql/vendor/laravel/framework/src/Illuminate/Pipeline/Pipeline.php(167): Illuminate\\Session\\Middleware\\StartSession->handle()
#25 /root/laravel_test/laravel-crud-mysql/vendor/laravel/framework/src/Illuminate/Cookie/Middleware/AddQueuedCookiesToResponse.php(37): Illuminate\\Pipeline\\Pipeline->Illuminate\\Pipeline\\{closure}()
#26 /root/laravel_test/laravel-crud-mysql/vendor/laravel/framework/src/Illuminate/Pipeline/Pipeline.php(167): Illuminate\\Cookie\\Middleware\\AddQueuedCookiesToResponse->handle()
#27 /root/laravel_test/laravel-crud-mysql/vendor/laravel/framework/src/Illuminate/Cookie/Middleware/EncryptCookies.php(67): Illuminate\\Pipeline\\Pipeline->Illuminate\\Pipeline\\{closure}()
#28 /root/laravel_test/laravel-crud-mysql/vendor/laravel/framework/src/Illuminate/Pipeline/Pipeline.php(167): Illuminate\\Cookie\\Middleware\\EncryptCookies->handle()
#29 /root/laravel_test/laravel-crud-mysql/vendor/laravel/framework/src/Illuminate/Pipeline/Pipeline.php(103): Illuminate\\Pipeline\\Pipeline->Illuminate\\Pipeline\\{closure}()
#30 /root/laravel_test/laravel-crud-mysql/vendor/laravel/framework/src/Illuminate/Routing/Router.php(723): Illuminate\\Pipeline\\Pipeline->then()
#31 /root/laravel_test/laravel-crud-mysql/vendor/laravel/framework/src/Illuminate/Routing/Router.php(698): Illuminate\\Routing\\Router->runRouteWithinStack()
#32 /root/laravel_test/laravel-crud-mysql/vendor/laravel/framework/src/Illuminate/Routing/Router.php(662): Illuminate\\Routing\\Router->runRoute()
#33 /root/laravel_test/laravel-crud-mysql/vendor/laravel/framework/src/Illuminate/Routing/Router.php(651): Illuminate\\Routing\\Router->dispatchToRoute()
#34 /root/laravel_test/laravel-crud-mysql/vendor/laravel/framework/src/Illuminate/Foundation/Http/Kernel.php(167): Illuminate\\Routing\\Router->dispatch()
#35 /root/laravel_test/laravel-crud-mysql/vendor/laravel/framework/src/Illuminate/Pipeline/Pipeline.php(128): Illuminate\\Foundation\\Http\\Kernel->Illuminate\\Foundation\\Http\\{closure}()
#36 /root/laravel_test/laravel-crud-mysql/vendor/laravel/framework/src/Illuminate/Foundation/Http/Middleware/TransformsRequest.php(21): Illuminate\\Pipeline\\Pipeline->Illuminate\\Pipeline\\{closure}()
#37 /root/laravel_test/laravel-crud-mysql/vendor/laravel/framework/src/Illuminate/Foundation/Http/Middleware/ConvertEmptyStringsToNull.php(31): Illuminate\\Foundation\\Http\\Middleware\\TransformsRequest->handle()
#38 /root/laravel_test/laravel-crud-mysql/vendor/laravel/framework/src/Illuminate/Pipeline/Pipeline.php(167): Illuminate\\Foundation\\Http\\Middleware\\ConvertEmptyStringsToNull->handle()
#39 /root/laravel_test/laravel-crud-mysql/vendor/laravel/framework/src/Illuminate/Foundation/Http/Middleware/TransformsRequest.php(21): Illuminate\\Pipeline\\Pipeline->Illuminate\\Pipeline\\{closure}()
#40 /root/laravel_test/laravel-crud-mysql/vendor/laravel/framework/src/Illuminate/Foundation/Http/Middleware/TrimStrings.php(40): Illuminate\\Foundation\\Http\\Middleware\\TransformsRequest->handle()
#41 /root/laravel_test/laravel-crud-mysql/vendor/laravel/framework/src/Illuminate/Pipeline/Pipeline.php(167): Illuminate\\Foundation\\Http\\Middleware\\TrimStrings->handle()
#42 /root/laravel_test/laravel-crud-mysql/vendor/laravel/framework/src/Illuminate/Foundation/Http/Middleware/ValidatePostSize.php(27): Illuminate\\Pipeline\\Pipeline->Illuminate\\Pipeline\\{closure}()
#43 /root/laravel_test/laravel-crud-mysql/vendor/laravel/framework/src/Illuminate/Pipeline/Pipeline.php(167): Illuminate\\Foundation\\Http\\Middleware\\ValidatePostSize->handle()
#44 /root/laravel_test/laravel-crud-mysql/vendor/laravel/framework/src/Illuminate/Foundation/Http/Middleware/PreventRequestsDuringMaintenance.php(86): Illuminate\\Pipeline\\Pipeline->Illuminate\\Pipeline\\{closure}()
#45 /root/laravel_test/laravel-crud-mysql/vendor/laravel/framework/src/Illuminate/Pipeline/Pipeline.php(167): Illuminate\\Foundation\\Http\\Middleware\\PreventRequestsDuringMaintenance->handle()
#46 /root/laravel_test/laravel-crud-mysql/vendor/fruitcake/laravel-cors/src/HandleCors.php(38): Illuminate\\Pipeline\\Pipeline->Illuminate\\Pipeline\\{closure}()
#47 /root/laravel_test/laravel-crud-mysql/vendor/laravel/framework/src/Illuminate/Pipeline/Pipeline.php(167): Fruitcake\\Cors\\HandleCors->handle()
#48 /root/laravel_test/laravel-crud-mysql/vendor/laravel/framework/src/Illuminate/Http/Middleware/TrustProxies.php(39): Illuminate\\Pipeline\\Pipeline->Illuminate\\Pipeline\\{closure}()
#49 /root/laravel_test/laravel-crud-mysql/vendor/laravel/framework/src/Illuminate/Pipeline/Pipeline.php(167): Illuminate\\Http\\Middleware\\TrustProxies->handle()
#50 /root/laravel_test/laravel-crud-mysql/vendor/laravel/framework/src/Illuminate/Pipeline/Pipeline.php(103): Illuminate\\Pipeline\\Pipeline->Illuminate\\Pipeline\\{closure}()
#51 /root/laravel_test/laravel-crud-mysql/vendor/laravel/framework/src/Illuminate/Foundation/Http/Kernel.php(142): Illuminate\\Pipeline\\Pipeline->then()
#52 /root/laravel_test/laravel-crud-mysql/vendor/laravel/framework/src/Illuminate/Foundation/Http/Kernel.php(111): Illuminate\\Foundation\\Http\\Kernel->sendRequestThroughRouter()
#53 /root/laravel_test/laravel-crud-mysql/public/index.php(52): Illuminate\\Foundation\\Http\\Kernel->handle()
#54 /root/laravel_test/laravel-crud-mysql/vendor/laravel/framework/src/Illuminate/Foundation/resources/server.php(16): require_once('...')
#55 {main}

[previous exception] [object] (InvalidArgumentException(code: 0): View [layouts.app] not found. at /root/laravel_test/laravel-crud-mysql/vendor/laravel/framework/src/Illuminate/View/FileViewFinder.php:137)
[stacktrace]
#0 /root/laravel_test/laravel-crud-mysql/vendor/laravel/framework/src/Illuminate/View/FileViewFinder.php(79): Illuminate\\View\\FileViewFinder->findInPaths()
#1 /root/laravel_test/laravel-crud-mysql/vendor/laravel/framework/src/Illuminate/View/Factory.php(137): Illuminate\\View\\FileViewFinder->find()
#2 /root/laravel_test/laravel-crud-mysql/storage/framework/views/cc418fbd402d6f3c464b9acd7290c912a9d8b307.php(12): Illuminate\\View\\Factory->make()
#3 /root/laravel_test/laravel-crud-mysql/vendor/laravel/framework/src/Illuminate/Filesystem/Filesystem.php(107): require('...')
#4 /root/laravel_test/laravel-crud-mysql/vendor/laravel/framework/src/Illuminate/Filesystem/Filesystem.php(108): Illuminate\\Filesystem\\Filesystem::Illuminate\\Filesystem\\{closure}()
#5 /root/laravel_test/laravel-crud-mysql/vendor/laravel/framework/src/Illuminate/View/Engines/PhpEngine.php(58): Illuminate\\Filesystem\\Filesystem->getRequire()
#6 /root/laravel_test/laravel-crud-mysql/vendor/laravel/framework/src/Illuminate/View/Engines/CompilerEngine.php(61): Illuminate\\View\\Engines\\PhpEngine->evaluatePath()
#7 /root/laravel_test/laravel-crud-mysql/vendor/laravel/framework/src/Illuminate/View/View.php(139): Illuminate\\View\\Engines\\CompilerEngine->get()
#8 /root/laravel_test/laravel-crud-mysql/vendor/laravel/framework/src/Illuminate/View/View.php(122): Illuminate\\View\\View->getContents()
#9 /root/laravel_test/laravel-crud-mysql/vendor/laravel/framework/src/Illuminate/View/View.php(91): Illuminate\\View\\View->renderContents()
#10 /root/laravel_test/laravel-crud-mysql/vendor/laravel/framework/src/Illuminate/Http/Response.php(69): Illuminate\\View\\View->render()
#11 /root/laravel_test/laravel-crud-mysql/vendor/laravel/framework/src/Illuminate/Http/Response.php(35): Illuminate\\Http\\Response->setContent()
#12 /root/laravel_test/laravel-crud-mysql/vendor/laravel/framework/src/Illuminate/Routing/Router.php(830): Illuminate\\Http\\Response->__construct()
#13 /root/laravel_test/laravel-crud-mysql/vendor/laravel/framework/src/Illuminate/Routing/Router.php(799): Illuminate\\Routing\\Router::toResponse()
#14 /root/laravel_test/laravel-crud-mysql/vendor/laravel/framework/src/Illuminate/Routing/Router.php(721): Illuminate\\Routing\\Router->prepareResponse()
#15 /root/laravel_test/laravel-crud-mysql/vendor/laravel/framework/src/Illuminate/Pipeline/Pipeline.php(128): Illuminate\\Routing\\Router->Illuminate\\Routing\\{closure}()
#16 /root/laravel_test/laravel-crud-mysql/vendor/laravel/framework/src/Illuminate/Routing/Middleware/SubstituteBindings.php(50): Illuminate\\Pipeline\\Pipeline->Illuminate\\Pipeline\\{closure}()
#17 /root/laravel_test/laravel-crud-mysql/vendor/laravel/framework/src/Illuminate/Pipeline/Pipeline.php(167): Illuminate\\Routing\\Middleware\\SubstituteBindings->handle()
#18 /root/laravel_test/laravel-crud-mysql/vendor/laravel/framework/src/Illuminate/Foundation/Http/Middleware/VerifyCsrfToken.php(78): Illuminate\\Pipeline\\Pipeline->Illuminate\\Pipeline\\{closure}()
#19 /root/laravel_test/laravel-crud-mysql/vendor/laravel/framework/src/Illuminate/Pipeline/Pipeline.php(167): Illuminate\\Foundation\\Http\\Middleware\\VerifyCsrfToken->handle()
#20 /root/laravel_test/laravel-crud-mysql/vendor/laravel/framework/src/Illuminate/View/Middleware/ShareErrorsFromSession.php(49): Illuminate\\Pipeline\\Pipeline->Illuminate\\Pipeline\\{closure}()
#21 /root/laravel_test/laravel-crud-mysql/vendor/laravel/framework/src/Illuminate/Pipeline/Pipeline.php(167): Illuminate\\View\\Middleware\\ShareErrorsFromSession->handle()
#22 /root/laravel_test/laravel-crud-mysql/vendor/laravel/framework/src/Illuminate/Session/Middleware/StartSession.php(121): Illuminate\\Pipeline\\Pipeline->Illuminate\\Pipeline\\{closure}()
#23 /root/laravel_test/laravel-crud-mysql/vendor/laravel/framework/src/Illuminate/Session/Middleware/StartSession.php(64): Illuminate\\Session\\Middleware\\StartSession->handleStatefulRequest()
#24 /root/laravel_test/laravel-crud-mysql/vendor/laravel/framework/src/Illuminate/Pipeline/Pipeline.php(167): Illuminate\\Session\\Middleware\\StartSession->handle()
#25 /root/laravel_test/laravel-crud-mysql/vendor/laravel/framework/src/Illuminate/Cookie/Middleware/AddQueuedCookiesToResponse.php(37): Illuminate\\Pipeline\\Pipeline->Illuminate\\Pipeline\\{closure}()
#26 /root/laravel_test/laravel-crud-mysql/vendor/laravel/framework/src/Illuminate/Pipeline/Pipeline.php(167): Illuminate\\Cookie\\Middleware\\AddQueuedCookiesToResponse->handle()
#27 /root/laravel_test/laravel-crud-mysql/vendor/laravel/framework/src/Illuminate/Cookie/Middleware/EncryptCookies.php(67): Illuminate\\Pipeline\\Pipeline->Illuminate\\Pipeline\\{closure}()
#28 /root/laravel_test/laravel-crud-mysql/vendor/laravel/framework/src/Illuminate/Pipeline/Pipeline.php(167): Illuminate\\Cookie\\Middleware\\EncryptCookies->handle()
#29 /root/laravel_test/laravel-crud-mysql/vendor/laravel/framework/src/Illuminate/Pipeline/Pipeline.php(103): Illuminate\\Pipeline\\Pipeline->Illuminate\\Pipeline\\{closure}()
#30 /root/laravel_test/laravel-crud-mysql/vendor/laravel/framework/src/Illuminate/Routing/Router.php(723): Illuminate\\Pipeline\\Pipeline->then()
#31 /root/laravel_test/laravel-crud-mysql/vendor/laravel/framework/src/Illuminate/Routing/Router.php(698): Illuminate\\Routing\\Router->runRouteWithinStack()
#32 /root/laravel_test/laravel-crud-mysql/vendor/laravel/framework/src/Illuminate/Routing/Router.php(662): Illuminate\\Routing\\Router->runRoute()
#33 /root/laravel_test/laravel-crud-mysql/vendor/laravel/framework/src/Illuminate/Routing/Router.php(651): Illuminate\\Routing\\Router->dispatchToRoute()
#34 /root/laravel_test/laravel-crud-mysql/vendor/laravel/framework/src/Illuminate/Foundation/Http/Kernel.php(167): Illuminate\\Routing\\Router->dispatch()
#35 /root/laravel_test/laravel-crud-mysql/vendor/laravel/framework/src/Illuminate/Pipeline/Pipeline.php(128): Illuminate\\Foundation\\Http\\Kernel->Illuminate\\Foundation\\Http\\{closure}()
#36 /root/laravel_test/laravel-crud-mysql/vendor/laravel/framework/src/Illuminate/Foundation/Http/Middleware/TransformsRequest.php(21): Illuminate\\Pipeline\\Pipeline->Illuminate\\Pipeline\\{closure}()
#37 /root/laravel_test/laravel-crud-mysql/vendor/laravel/framework/src/Illuminate/Foundation/Http/Middleware/ConvertEmptyStringsToNull.php(31): Illuminate\\Foundation\\Http\\Middleware\\TransformsRequest->handle()
#38 /root/laravel_test/laravel-crud-mysql/vendor/laravel/framework/src/Illuminate/Pipeline/Pipeline.php(167): Illuminate\\Foundation\\Http\\Middleware\\ConvertEmptyStringsToNull->handle()
#39 /root/laravel_test/laravel-crud-mysql/vendor/laravel/framework/src/Illuminate/Foundation/Http/Middleware/TransformsRequest.php(21): Illuminate\\Pipeline\\Pipeline->Illuminate\\Pipeline\\{closure}()
#40 /root/laravel_test/laravel-crud-mysql/vendor/laravel/framework/src/Illuminate/Foundation/Http/Middleware/TrimStrings.php(40): Illuminate\\Foundation\\Http\\Middleware\\TransformsRequest->handle()
#41 /root/laravel_test/laravel-crud-mysql/vendor/laravel/framework/src/Illuminate/Pipeline/Pipeline.php(167): Illuminate\\Foundation\\Http\\Middleware\\TrimStrings->handle()
#42 /root/laravel_test/laravel-crud-mysql/vendor/laravel/framework/src/Illuminate/Foundation/Http/Middleware/ValidatePostSize.php(27): Illuminate\\Pipeline\\Pipeline->Illuminate\\Pipeline\\{closure}()
#43 /root/laravel_test/laravel-crud-mysql/vendor/laravel/framework/src/Illuminate/Pipeline/Pipeline.php(167): Illuminate\\Foundation\\Http\\Middleware\\ValidatePostSize->handle()
#44 /root/laravel_test/laravel-crud-mysql/vendor/laravel/framework/src/Illuminate/Foundation/Http/Middleware/PreventRequestsDuringMaintenance.php(86): Illuminate\\Pipeline\\Pipeline->Illuminate\\Pipeline\\{closure}()
#45 /root/laravel_test/laravel-crud-mysql/vendor/laravel/framework/src/Illuminate/Pipeline/Pipeline.php(167): Illuminate\\Foundation\\Http\\Middleware\\PreventRequestsDuringMaintenance->handle()
#46 /root/laravel_test/laravel-crud-mysql/vendor/fruitcake/laravel-cors/src/HandleCors.php(38): Illuminate\\Pipeline\\Pipeline->Illuminate\\Pipeline\\{closure}()
#47 /root/laravel_test/laravel-crud-mysql/vendor/laravel/framework/src/Illuminate/Pipeline/Pipeline.php(167): Fruitcake\\Cors\\HandleCors->handle()
#48 /root/laravel_test/laravel-crud-mysql/vendor/laravel/framework/src/Illuminate/Http/Middleware/TrustProxies.php(39): Illuminate\\Pipeline\\Pipeline->Illuminate\\Pipeline\\{closure}()
#49 /root/laravel_test/laravel-crud-mysql/vendor/laravel/framework/src/Illuminate/Pipeline/Pipeline.php(167): Illuminate\\Http\\Middleware\\TrustProxies->handle()
#50 /root/laravel_test/laravel-crud-mysql/vendor/laravel/framework/src/Illuminate/Pipeline/Pipeline.php(103): Illuminate\\Pipeline\\Pipeline->Illuminate\\Pipeline\\{closure}()
#51 /root/laravel_test/laravel-crud-mysql/vendor/laravel/framework/src/Illuminate/Foundation/Http/Kernel.php(142): Illuminate\\Pipeline\\Pipeline->then()
#52 /root/laravel_test/laravel-crud-mysql/vendor/laravel/framework/src/Illuminate/Foundation/Http/Kernel.php(111): Illuminate\\Foundation\\Http\\Kernel->sendRequestThroughRouter()
#53 /root/laravel_test/laravel-crud-mysql/public/index.php(52): Illuminate\\Foundation\\Http\\Kernel->handle()
#54 /root/laravel_test/laravel-crud-mysql/vendor/laravel/framework/src/Illuminate/Foundation/resources/server.php(16): require_once('...')
#55 {main}
"} 
[2025-02-01 01:19:16] local.ERROR: View [layouts.app] not found. {"view":{"view":"/root/laravel_test/laravel-crud-mysql/resources/views/test.blade.php","data":[]},"exception":"[object] (Spatie\\LaravelIgnition\\Exceptions\\ViewException(code: 0): View [layouts.app] not found. at /root/laravel_test/laravel-crud-mysql/vendor/laravel/framework/src/Illuminate/View/FileViewFinder.php:137)
[stacktrace]
#0 /root/laravel_test/laravel-crud-mysql/vendor/laravel/framework/src/Illuminate/View/FileViewFinder.php(79): Illuminate\\View\\FileViewFinder->findInPaths()
#1 /root/laravel_test/laravel-crud-mysql/vendor/laravel/framework/src/Illuminate/View/Factory.php(137): Illuminate\\View\\FileViewFinder->find()
#2 /root/laravel_test/laravel-crud-mysql/resources/views/test.blade.php(10): Illuminate\\View\\Factory->make()
#3 /root/laravel_test/laravel-crud-mysql/vendor/laravel/framework/src/Illuminate/Filesystem/Filesystem.php(107): require('...')
#4 /root/laravel_test/laravel-crud-mysql/vendor/laravel/framework/src/Illuminate/Filesystem/Filesystem.php(108): Illuminate\\Filesystem\\Filesystem::Illuminate\\Filesystem\\{closure}()
#5 /root/laravel_test/laravel-crud-mysql/vendor/laravel/framework/src/Illuminate/View/Engines/PhpEngine.php(58): Illuminate\\Filesystem\\Filesystem->getRequire()
#6 /root/laravel_test/laravel-crud-mysql/vendor/laravel/framework/src/Illuminate/View/Engines/CompilerEngine.php(61): Illuminate\\View\\Engines\\PhpEngine->evaluatePath()
#7 /root/laravel_test/laravel-crud-mysql/vendor/laravel/framework/src/Illuminate/View/View.php(139): Illuminate\\View\\Engines\\CompilerEngine->get()
#8 /root/laravel_test/laravel-crud-mysql/vendor/laravel/framework/src/Illuminate/View/View.php(122): Illuminate\\View\\View->getContents()
#9 /root/laravel_test/laravel-crud-mysql/vendor/laravel/framework/src/Illuminate/View/View.php(91): Illuminate\\View\\View->renderContents()
#10 /root/laravel_test/laravel-crud-mysql/vendor/laravel/framework/src/Illuminate/Http/Response.php(69): Illuminate\\View\\View->render()
#11 /root/laravel_test/laravel-crud-mysql/vendor/laravel/framework/src/Illuminate/Http/Response.php(35): Illuminate\\Http\\Response->setContent()
#12 /root/laravel_test/laravel-crud-mysql/vendor/laravel/framework/src/Illuminate/Routing/Router.php(830): Illuminate\\Http\\Response->__construct()
#13 /root/laravel_test/laravel-crud-mysql/vendor/laravel/framework/src/Illuminate/Routing/Router.php(799): Illuminate\\Routing\\Router::toResponse()
#14 /root/laravel_test/laravel-crud-mysql/vendor/laravel/framework/src/Illuminate/Routing/Router.php(721): Illuminate\\Routing\\Router->prepareResponse()
#15 /root/laravel_test/laravel-crud-mysql/vendor/laravel/framework/src/Illuminate/Pipeline/Pipeline.php(128): Illuminate\\Routing\\Router->Illuminate\\Routing\\{closure}()
#16 /root/laravel_test/laravel-crud-mysql/vendor/laravel/framework/src/Illuminate/Routing/Middleware/SubstituteBindings.php(50): Illuminate\\Pipeline\\Pipeline->Illuminate\\Pipeline\\{closure}()
#17 /root/laravel_test/laravel-crud-mysql/vendor/laravel/framework/src/Illuminate/Pipeline/Pipeline.php(167): Illuminate\\Routing\\Middleware\\SubstituteBindings->handle()
#18 /root/laravel_test/laravel-crud-mysql/vendor/laravel/framework/src/Illuminate/Foundation/Http/Middleware/VerifyCsrfToken.php(78): Illuminate\\Pipeline\\Pipeline->Illuminate\\Pipeline\\{closure}()
#19 /root/laravel_test/laravel-crud-mysql/vendor/laravel/framework/src/Illuminate/Pipeline/Pipeline.php(167): Illuminate\\Foundation\\Http\\Middleware\\VerifyCsrfToken->handle()
#20 /root/laravel_test/laravel-crud-mysql/vendor/laravel/framework/src/Illuminate/View/Middleware/ShareErrorsFromSession.php(49): Illuminate\\Pipeline\\Pipeline->Illuminate\\Pipeline\\{closure}()
#21 /root/laravel_test/laravel-crud-mysql/vendor/laravel/framework/src/Illuminate/Pipeline/Pipeline.php(167): Illuminate\\View\\Middleware\\ShareErrorsFromSession->handle()
#22 /root/laravel_test/laravel-crud-mysql/vendor/laravel/framework/src/Illuminate/Session/Middleware/StartSession.php(121): Illuminate\\Pipeline\\Pipeline->Illuminate\\Pipeline\\{closure}()
#23 /root/laravel_test/laravel-crud-mysql/vendor/laravel/framework/src/Illuminate/Session/Middleware/StartSession.php(64): Illuminate\\Session\\Middleware\\StartSession->handleStatefulRequest()
#24 /root/laravel_test/laravel-crud-mysql/vendor/laravel/framework/src/Illuminate/Pipeline/Pipeline.php(167): Illuminate\\Session\\Middleware\\StartSession->handle()
#25 /root/laravel_test/laravel-crud-mysql/vendor/laravel/framework/src/Illuminate/Cookie/Middleware/AddQueuedCookiesToResponse.php(37): Illuminate\\Pipeline\\Pipeline->Illuminate\\Pipeline\\{closure}()
#26 /root/laravel_test/laravel-crud-mysql/vendor/laravel/framework/src/Illuminate/Pipeline/Pipeline.php(167): Illuminate\\Cookie\\Middleware\\AddQueuedCookiesToResponse->handle()
#27 /root/laravel_test/laravel-crud-mysql/vendor/laravel/framework/src/Illuminate/Cookie/Middleware/EncryptCookies.php(67): Illuminate\\Pipeline\\Pipeline->Illuminate\\Pipeline\\{closure}()
#28 /root/laravel_test/laravel-crud-mysql/vendor/laravel/framework/src/Illuminate/Pipeline/Pipeline.php(167): Illuminate\\Cookie\\Middleware\\EncryptCookies->handle()
#29 /root/laravel_test/laravel-crud-mysql/vendor/laravel/framework/src/Illuminate/Pipeline/Pipeline.php(103): Illuminate\\Pipeline\\Pipeline->Illuminate\\Pipeline\\{closure}()
#30 /root/laravel_test/laravel-crud-mysql/vendor/laravel/framework/src/Illuminate/Routing/Router.php(723): Illuminate\\Pipeline\\Pipeline->then()
#31 /root/laravel_test/laravel-crud-mysql/vendor/laravel/framework/src/Illuminate/Routing/Router.php(698): Illuminate\\Routing\\Router->runRouteWithinStack()
#32 /root/laravel_test/laravel-crud-mysql/vendor/laravel/framework/src/Illuminate/Routing/Router.php(662): Illuminate\\Routing\\Router->runRoute()
#33 /root/laravel_test/laravel-crud-mysql/vendor/laravel/framework/src/Illuminate/Routing/Router.php(651): Illuminate\\Routing\\Router->dispatchToRoute()
#34 /root/laravel_test/laravel-crud-mysql/vendor/laravel/framework/src/Illuminate/Foundation/Http/Kernel.php(167): Illuminate\\Routing\\Router->dispatch()
#35 /root/laravel_test/laravel-crud-mysql/vendor/laravel/framework/src/Illuminate/Pipeline/Pipeline.php(128): Illuminate\\Foundation\\Http\\Kernel->Illuminate\\Foundation\\Http\\{closure}()
#36 /root/laravel_test/laravel-crud-mysql/vendor/laravel/framework/src/Illuminate/Foundation/Http/Middleware/TransformsRequest.php(21): Illuminate\\Pipeline\\Pipeline->Illuminate\\Pipeline\\{closure}()
#37 /root/laravel_test/laravel-crud-mysql/vendor/laravel/framework/src/Illuminate/Foundation/Http/Middleware/ConvertEmptyStringsToNull.php(31): Illuminate\\Foundation\\Http\\Middleware\\TransformsRequest->handle()
#38 /root/laravel_test/laravel-crud-mysql/vendor/laravel/framework/src/Illuminate/Pipeline/Pipeline.php(167): Illuminate\\Foundation\\Http\\Middleware\\ConvertEmptyStringsToNull->handle()
#39 /root/laravel_test/laravel-crud-mysql/vendor/laravel/framework/src/Illuminate/Foundation/Http/Middleware/TransformsRequest.php(21): Illuminate\\Pipeline\\Pipeline->Illuminate\\Pipeline\\{closure}()
#40 /root/laravel_test/laravel-crud-mysql/vendor/laravel/framework/src/Illuminate/Foundation/Http/Middleware/TrimStrings.php(40): Illuminate\\Foundation\\Http\\Middleware\\TransformsRequest->handle()
#41 /root/laravel_test/laravel-crud-mysql/vendor/laravel/framework/src/Illuminate/Pipeline/Pipeline.php(167): Illuminate\\Foundation\\Http\\Middleware\\TrimStrings->handle()
#42 /root/laravel_test/laravel-crud-mysql/vendor/laravel/framework/src/Illuminate/Foundation/Http/Middleware/ValidatePostSize.php(27): Illuminate\\Pipeline\\Pipeline->Illuminate\\Pipeline\\{closure}()
#43 /root/laravel_test/laravel-crud-mysql/vendor/laravel/framework/src/Illuminate/Pipeline/Pipeline.php(167): Illuminate\\Foundation\\Http\\Middleware\\ValidatePostSize->handle()
#44 /root/laravel_test/laravel-crud-mysql/vendor/laravel/framework/src/Illuminate/Foundation/Http/Middleware/PreventRequestsDuringMaintenance.php(86): Illuminate\\Pipeline\\Pipeline->Illuminate\\Pipeline\\{closure}()
#45 /root/laravel_test/laravel-crud-mysql/vendor/laravel/framework/src/Illuminate/Pipeline/Pipeline.php(167): Illuminate\\Foundation\\Http\\Middleware\\PreventRequestsDuringMaintenance->handle()
#46 /root/laravel_test/laravel-crud-mysql/vendor/fruitcake/laravel-cors/src/HandleCors.php(38): Illuminate\\Pipeline\\Pipeline->Illuminate\\Pipeline\\{closure}()
#47 /root/laravel_test/laravel-crud-mysql/vendor/laravel/framework/src/Illuminate/Pipeline/Pipeline.php(167): Fruitcake\\Cors\\HandleCors->handle()
#48 /root/laravel_test/laravel-crud-mysql/vendor/laravel/framework/src/Illuminate/Http/Middleware/TrustProxies.php(39): Illuminate\\Pipeline\\Pipeline->Illuminate\\Pipeline\\{closure}()
#49 /root/laravel_test/laravel-crud-mysql/vendor/laravel/framework/src/Illuminate/Pipeline/Pipeline.php(167): Illuminate\\Http\\Middleware\\TrustProxies->handle()
#50 /root/laravel_test/laravel-crud-mysql/vendor/laravel/framework/src/Illuminate/Pipeline/Pipeline.php(103): Illuminate\\Pipeline\\Pipeline->Illuminate\\Pipeline\\{closure}()
#51 /root/laravel_test/laravel-crud-mysql/vendor/laravel/framework/src/Illuminate/Foundation/Http/Kernel.php(142): Illuminate\\Pipeline\\Pipeline->then()
#52 /root/laravel_test/laravel-crud-mysql/vendor/laravel/framework/src/Illuminate/Foundation/Http/Kernel.php(111): Illuminate\\Foundation\\Http\\Kernel->sendRequestThroughRouter()
#53 /root/laravel_test/laravel-crud-mysql/public/index.php(52): Illuminate\\Foundation\\Http\\Kernel->handle()
#54 /root/laravel_test/laravel-crud-mysql/vendor/laravel/framework/src/Illuminate/Foundation/resources/server.php(16): require_once('...')
#55 {main}

[previous exception] [object] (InvalidArgumentException(code: 0): View [layouts.app] not found. at /root/laravel_test/laravel-crud-mysql/vendor/laravel/framework/src/Illuminate/View/FileViewFinder.php:137)
[stacktrace]
#0 /root/laravel_test/laravel-crud-mysql/vendor/laravel/framework/src/Illuminate/View/FileViewFinder.php(79): Illuminate\\View\\FileViewFinder->findInPaths()
#1 /root/laravel_test/laravel-crud-mysql/vendor/laravel/framework/src/Illuminate/View/Factory.php(137): Illuminate\\View\\FileViewFinder->find()
#2 /root/laravel_test/laravel-crud-mysql/storage/framework/views/cc418fbd402d6f3c464b9acd7290c912a9d8b307.php(12): Illuminate\\View\\Factory->make()
#3 /root/laravel_test/laravel-crud-mysql/vendor/laravel/framework/src/Illuminate/Filesystem/Filesystem.php(107): require('...')
#4 /root/laravel_test/laravel-crud-mysql/vendor/laravel/framework/src/Illuminate/Filesystem/Filesystem.php(108): Illuminate\\Filesystem\\Filesystem::Illuminate\\Filesystem\\{closure}()
#5 /root/laravel_test/laravel-crud-mysql/vendor/laravel/framework/src/Illuminate/View/Engines/PhpEngine.php(58): Illuminate\\Filesystem\\Filesystem->getRequire()
#6 /root/laravel_test/laravel-crud-mysql/vendor/laravel/framework/src/Illuminate/View/Engines/CompilerEngine.php(61): Illuminate\\View\\Engines\\PhpEngine->evaluatePath()
#7 /root/laravel_test/laravel-crud-mysql/vendor/laravel/framework/src/Illuminate/View/View.php(139): Illuminate\\View\\Engines\\CompilerEngine->get()
#8 /root/laravel_test/laravel-crud-mysql/vendor/laravel/framework/src/Illuminate/View/View.php(122): Illuminate\\View\\View->getContents()
#9 /root/laravel_test/laravel-crud-mysql/vendor/laravel/framework/src/Illuminate/View/View.php(91): Illuminate\\View\\View->renderContents()
#10 /root/laravel_test/laravel-crud-mysql/vendor/laravel/framework/src/Illuminate/Http/Response.php(69): Illuminate\\View\\View->render()
#11 /root/laravel_test/laravel-crud-mysql/vendor/laravel/framework/src/Illuminate/Http/Response.php(35): Illuminate\\Http\\Response->setContent()
#12 /root/laravel_test/laravel-crud-mysql/vendor/laravel/framework/src/Illuminate/Routing/Router.php(830): Illuminate\\Http\\Response->__construct()
#13 /root/laravel_test/laravel-crud-mysql/vendor/laravel/framework/src/Illuminate/Routing/Router.php(799): Illuminate\\Routing\\Router::toResponse()
#14 /root/laravel_test/laravel-crud-mysql/vendor/laravel/framework/src/Illuminate/Routing/Router.php(721): Illuminate\\Routing\\Router->prepareResponse()
#15 /root/laravel_test/laravel-crud-mysql/vendor/laravel/framework/src/Illuminate/Pipeline/Pipeline.php(128): Illuminate\\Routing\\Router->Illuminate\\Routing\\{closure}()
#16 /root/laravel_test/laravel-crud-mysql/vendor/laravel/framework/src/Illuminate/Routing/Middleware/SubstituteBindings.php(50): Illuminate\\Pipeline\\Pipeline->Illuminate\\Pipeline\\{closure}()
#17 /root/laravel_test/laravel-crud-mysql/vendor/laravel/framework/src/Illuminate/Pipeline/Pipeline.php(167): Illuminate\\Routing\\Middleware\\SubstituteBindings->handle()
#18 /root/laravel_test/laravel-crud-mysql/vendor/laravel/framework/src/Illuminate/Foundation/Http/Middleware/VerifyCsrfToken.php(78): Illuminate\\Pipeline\\Pipeline->Illuminate\\Pipeline\\{closure}()
#19 /root/laravel_test/laravel-crud-mysql/vendor/laravel/framework/src/Illuminate/Pipeline/Pipeline.php(167): Illuminate\\Foundation\\Http\\Middleware\\VerifyCsrfToken->handle()
#20 /root/laravel_test/laravel-crud-mysql/vendor/laravel/framework/src/Illuminate/View/Middleware/ShareErrorsFromSession.php(49): Illuminate\\Pipeline\\Pipeline->Illuminate\\Pipeline\\{closure}()
#21 /root/laravel_test/laravel-crud-mysql/vendor/laravel/framework/src/Illuminate/Pipeline/Pipeline.php(167): Illuminate\\View\\Middleware\\ShareErrorsFromSession->handle()
#22 /root/laravel_test/laravel-crud-mysql/vendor/laravel/framework/src/Illuminate/Session/Middleware/StartSession.php(121): Illuminate\\Pipeline\\Pipeline->Illuminate\\Pipeline\\{closure}()
#23 /root/laravel_test/laravel-crud-mysql/vendor/laravel/framework/src/Illuminate/Session/Middleware/StartSession.php(64): Illuminate\\Session\\Middleware\\StartSession->handleStatefulRequest()
#24 /root/laravel_test/laravel-crud-mysql/vendor/laravel/framework/src/Illuminate/Pipeline/Pipeline.php(167): Illuminate\\Session\\Middleware\\StartSession->handle()
#25 /root/laravel_test/laravel-crud-mysql/vendor/laravel/framework/src/Illuminate/Cookie/Middleware/AddQueuedCookiesToResponse.php(37): Illuminate\\Pipeline\\Pipeline->Illuminate\\Pipeline\\{closure}()
#26 /root/laravel_test/laravel-crud-mysql/vendor/laravel/framework/src/Illuminate/Pipeline/Pipeline.php(167): Illuminate\\Cookie\\Middleware\\AddQueuedCookiesToResponse->handle()
#27 /root/laravel_test/laravel-crud-mysql/vendor/laravel/framework/src/Illuminate/Cookie/Middleware/EncryptCookies.php(67): Illuminate\\Pipeline\\Pipeline->Illuminate\\Pipeline\\{closure}()
#28 /root/laravel_test/laravel-crud-mysql/vendor/laravel/framework/src/Illuminate/Pipeline/Pipeline.php(167): Illuminate\\Cookie\\Middleware\\EncryptCookies->handle()
#29 /root/laravel_test/laravel-crud-mysql/vendor/laravel/framework/src/Illuminate/Pipeline/Pipeline.php(103): Illuminate\\Pipeline\\Pipeline->Illuminate\\Pipeline\\{closure}()
#30 /root/laravel_test/laravel-crud-mysql/vendor/laravel/framework/src/Illuminate/Routing/Router.php(723): Illuminate\\Pipeline\\Pipeline->then()
#31 /root/laravel_test/laravel-crud-mysql/vendor/laravel/framework/src/Illuminate/Routing/Router.php(698): Illuminate\\Routing\\Router->runRouteWithinStack()
#32 /root/laravel_test/laravel-crud-mysql/vendor/laravel/framework/src/Illuminate/Routing/Router.php(662): Illuminate\\Routing\\Router->runRoute()
#33 /root/laravel_test/laravel-crud-mysql/vendor/laravel/framework/src/Illuminate/Routing/Router.php(651): Illuminate\\Routing\\Router->dispatchToRoute()
#34 /root/laravel_test/laravel-crud-mysql/vendor/laravel/framework/src/Illuminate/Foundation/Http/Kernel.php(167): Illuminate\\Routing\\Router->dispatch()
#35 /root/laravel_test/laravel-crud-mysql/vendor/laravel/framework/src/Illuminate/Pipeline/Pipeline.php(128): Illuminate\\Foundation\\Http\\Kernel->Illuminate\\Foundation\\Http\\{closure}()
#36 /root/laravel_test/laravel-crud-mysql/vendor/laravel/framework/src/Illuminate/Foundation/Http/Middleware/TransformsRequest.php(21): Illuminate\\Pipeline\\Pipeline->Illuminate\\Pipeline\\{closure}()
#37 /root/laravel_test/laravel-crud-mysql/vendor/laravel/framework/src/Illuminate/Foundation/Http/Middleware/ConvertEmptyStringsToNull.php(31): Illuminate\\Foundation\\Http\\Middleware\\TransformsRequest->handle()
#38 /root/laravel_test/laravel-crud-mysql/vendor/laravel/framework/src/Illuminate/Pipeline/Pipeline.php(167): Illuminate\\Foundation\\Http\\Middleware\\ConvertEmptyStringsToNull->handle()
#39 /root/laravel_test/laravel-crud-mysql/vendor/laravel/framework/src/Illuminate/Foundation/Http/Middleware/TransformsRequest.php(21): Illuminate\\Pipeline\\Pipeline->Illuminate\\Pipeline\\{closure}()
#40 /root/laravel_test/laravel-crud-mysql/vendor/laravel/framework/src/Illuminate/Foundation/Http/Middleware/TrimStrings.php(40): Illuminate\\Foundation\\Http\\Middleware\\TransformsRequest->handle()
#41 /root/laravel_test/laravel-crud-mysql/vendor/laravel/framework/src/Illuminate/Pipeline/Pipeline.php(167): Illuminate\\Foundation\\Http\\Middleware\\TrimStrings->handle()
#42 /root/laravel_test/laravel-crud-mysql/vendor/laravel/framework/src/Illuminate/Foundation/Http/Middleware/ValidatePostSize.php(27): Illuminate\\Pipeline\\Pipeline->Illuminate\\Pipeline\\{closure}()
#43 /root/laravel_test/laravel-crud-mysql/vendor/laravel/framework/src/Illuminate/Pipeline/Pipeline.php(167): Illuminate\\Foundation\\Http\\Middleware\\ValidatePostSize->handle()
#44 /root/laravel_test/laravel-crud-mysql/vendor/laravel/framework/src/Illuminate/Foundation/Http/Middleware/PreventRequestsDuringMaintenance.php(86): Illuminate\\Pipeline\\Pipeline->Illuminate\\Pipeline\\{closure}()
#45 /root/laravel_test/laravel-crud-mysql/vendor/laravel/framework/src/Illuminate/Pipeline/Pipeline.php(167): Illuminate\\Foundation\\Http\\Middleware\\PreventRequestsDuringMaintenance->handle()
#46 /root/laravel_test/laravel-crud-mysql/vendor/fruitcake/laravel-cors/src/HandleCors.php(38): Illuminate\\Pipeline\\Pipeline->Illuminate\\Pipeline\\{closure}()
#47 /root/laravel_test/laravel-crud-mysql/vendor/laravel/framework/src/Illuminate/Pipeline/Pipeline.php(167): Fruitcake\\Cors\\HandleCors->handle()
#48 /root/laravel_test/laravel-crud-mysql/vendor/laravel/framework/src/Illuminate/Http/Middleware/TrustProxies.php(39): Illuminate\\Pipeline\\Pipeline->Illuminate\\Pipeline\\{closure}()
#49 /root/laravel_test/laravel-crud-mysql/vendor/laravel/framework/src/Illuminate/Pipeline/Pipeline.php(167): Illuminate\\Http\\Middleware\\TrustProxies->handle()
#50 /root/laravel_test/laravel-crud-mysql/vendor/laravel/framework/src/Illuminate/Pipeline/Pipeline.php(103): Illuminate\\Pipeline\\Pipeline->Illuminate\\Pipeline\\{closure}()
#51 /root/laravel_test/laravel-crud-mysql/vendor/laravel/framework/src/Illuminate/Foundation/Http/Kernel.php(142): Illuminate\\Pipeline\\Pipeline->then()
#52 /root/laravel_test/laravel-crud-mysql/vendor/laravel/framework/src/Illuminate/Foundation/Http/Kernel.php(111): Illuminate\\Foundation\\Http\\Kernel->sendRequestThroughRouter()
#53 /root/laravel_test/laravel-crud-mysql/public/index.php(52): Illuminate\\Foundation\\Http\\Kernel->handle()
#54 /root/laravel_test/laravel-crud-mysql/vendor/laravel/framework/src/Illuminate/Foundation/resources/server.php(16): require_once('...')
#55 {main}
"} 
[2025-02-01 01:21:04] local.ERROR: View [layouts.app] not found. {"view":{"view":"/root/laravel_test/laravel-crud-mysql/resources/views/test.blade.php","data":[]},"exception":"[object] (Spatie\\LaravelIgnition\\Exceptions\\ViewException(code: 0): View [layouts.app] not found. at /root/laravel_test/laravel-crud-mysql/vendor/laravel/framework/src/Illuminate/View/FileViewFinder.php:137)
[stacktrace]
#0 /root/laravel_test/laravel-crud-mysql/vendor/laravel/framework/src/Illuminate/View/FileViewFinder.php(79): Illuminate\\View\\FileViewFinder->findInPaths()
#1 /root/laravel_test/laravel-crud-mysql/vendor/laravel/framework/src/Illuminate/View/Factory.php(137): Illuminate\\View\\FileViewFinder->find()
#2 /root/laravel_test/laravel-crud-mysql/resources/views/test.blade.php(5): Illuminate\\View\\Factory->make()
#3 /root/laravel_test/laravel-crud-mysql/vendor/laravel/framework/src/Illuminate/Filesystem/Filesystem.php(107): require('...')
#4 /root/laravel_test/laravel-crud-mysql/vendor/laravel/framework/src/Illuminate/Filesystem/Filesystem.php(108): Illuminate\\Filesystem\\Filesystem::Illuminate\\Filesystem\\{closure}()
#5 /root/laravel_test/laravel-crud-mysql/vendor/laravel/framework/src/Illuminate/View/Engines/PhpEngine.php(58): Illuminate\\Filesystem\\Filesystem->getRequire()
#6 /root/laravel_test/laravel-crud-mysql/vendor/laravel/framework/src/Illuminate/View/Engines/CompilerEngine.php(61): Illuminate\\View\\Engines\\PhpEngine->evaluatePath()
#7 /root/laravel_test/laravel-crud-mysql/vendor/laravel/framework/src/Illuminate/View/View.php(139): Illuminate\\View\\Engines\\CompilerEngine->get()
#8 /root/laravel_test/laravel-crud-mysql/vendor/laravel/framework/src/Illuminate/View/View.php(122): Illuminate\\View\\View->getContents()
#9 /root/laravel_test/laravel-crud-mysql/vendor/laravel/framework/src/Illuminate/View/View.php(91): Illuminate\\View\\View->renderContents()
#10 /root/laravel_test/laravel-crud-mysql/vendor/laravel/framework/src/Illuminate/Http/Response.php(69): Illuminate\\View\\View->render()
#11 /root/laravel_test/laravel-crud-mysql/vendor/laravel/framework/src/Illuminate/Http/Response.php(35): Illuminate\\Http\\Response->setContent()
#12 /root/laravel_test/laravel-crud-mysql/vendor/laravel/framework/src/Illuminate/Routing/Router.php(830): Illuminate\\Http\\Response->__construct()
#13 /root/laravel_test/laravel-crud-mysql/vendor/laravel/framework/src/Illuminate/Routing/Router.php(799): Illuminate\\Routing\\Router::toResponse()
#14 /root/laravel_test/laravel-crud-mysql/vendor/laravel/framework/src/Illuminate/Routing/Router.php(721): Illuminate\\Routing\\Router->prepareResponse()
#15 /root/laravel_test/laravel-crud-mysql/vendor/laravel/framework/src/Illuminate/Pipeline/Pipeline.php(128): Illuminate\\Routing\\Router->Illuminate\\Routing\\{closure}()
#16 /root/laravel_test/laravel-crud-mysql/vendor/laravel/framework/src/Illuminate/Routing/Middleware/SubstituteBindings.php(50): Illuminate\\Pipeline\\Pipeline->Illuminate\\Pipeline\\{closure}()
#17 /root/laravel_test/laravel-crud-mysql/vendor/laravel/framework/src/Illuminate/Pipeline/Pipeline.php(167): Illuminate\\Routing\\Middleware\\SubstituteBindings->handle()
#18 /root/laravel_test/laravel-crud-mysql/vendor/laravel/framework/src/Illuminate/Foundation/Http/Middleware/VerifyCsrfToken.php(78): Illuminate\\Pipeline\\Pipeline->Illuminate\\Pipeline\\{closure}()
#19 /root/laravel_test/laravel-crud-mysql/vendor/laravel/framework/src/Illuminate/Pipeline/Pipeline.php(167): Illuminate\\Foundation\\Http\\Middleware\\VerifyCsrfToken->handle()
#20 /root/laravel_test/laravel-crud-mysql/vendor/laravel/framework/src/Illuminate/View/Middleware/ShareErrorsFromSession.php(49): Illuminate\\Pipeline\\Pipeline->Illuminate\\Pipeline\\{closure}()
#21 /root/laravel_test/laravel-crud-mysql/vendor/laravel/framework/src/Illuminate/Pipeline/Pipeline.php(167): Illuminate\\View\\Middleware\\ShareErrorsFromSession->handle()
#22 /root/laravel_test/laravel-crud-mysql/vendor/laravel/framework/src/Illuminate/Session/Middleware/StartSession.php(121): Illuminate\\Pipeline\\Pipeline->Illuminate\\Pipeline\\{closure}()
#23 /root/laravel_test/laravel-crud-mysql/vendor/laravel/framework/src/Illuminate/Session/Middleware/StartSession.php(64): Illuminate\\Session\\Middleware\\StartSession->handleStatefulRequest()
#24 /root/laravel_test/laravel-crud-mysql/vendor/laravel/framework/src/Illuminate/Pipeline/Pipeline.php(167): Illuminate\\Session\\Middleware\\StartSession->handle()
#25 /root/laravel_test/laravel-crud-mysql/vendor/laravel/framework/src/Illuminate/Cookie/Middleware/AddQueuedCookiesToResponse.php(37): Illuminate\\Pipeline\\Pipeline->Illuminate\\Pipeline\\{closure}()
#26 /root/laravel_test/laravel-crud-mysql/vendor/laravel/framework/src/Illuminate/Pipeline/Pipeline.php(167): Illuminate\\Cookie\\Middleware\\AddQueuedCookiesToResponse->handle()
#27 /root/laravel_test/laravel-crud-mysql/vendor/laravel/framework/src/Illuminate/Cookie/Middleware/EncryptCookies.php(67): Illuminate\\Pipeline\\Pipeline->Illuminate\\Pipeline\\{closure}()
#28 /root/laravel_test/laravel-crud-mysql/vendor/laravel/framework/src/Illuminate/Pipeline/Pipeline.php(167): Illuminate\\Cookie\\Middleware\\EncryptCookies->handle()
#29 /root/laravel_test/laravel-crud-mysql/vendor/laravel/framework/src/Illuminate/Pipeline/Pipeline.php(103): Illuminate\\Pipeline\\Pipeline->Illuminate\\Pipeline\\{closure}()
#30 /root/laravel_test/laravel-crud-mysql/vendor/laravel/framework/src/Illuminate/Routing/Router.php(723): Illuminate\\Pipeline\\Pipeline->then()
#31 /root/laravel_test/laravel-crud-mysql/vendor/laravel/framework/src/Illuminate/Routing/Router.php(698): Illuminate\\Routing\\Router->runRouteWithinStack()
#32 /root/laravel_test/laravel-crud-mysql/vendor/laravel/framework/src/Illuminate/Routing/Router.php(662): Illuminate\\Routing\\Router->runRoute()
#33 /root/laravel_test/laravel-crud-mysql/vendor/laravel/framework/src/Illuminate/Routing/Router.php(651): Illuminate\\Routing\\Router->dispatchToRoute()
#34 /root/laravel_test/laravel-crud-mysql/vendor/laravel/framework/src/Illuminate/Foundation/Http/Kernel.php(167): Illuminate\\Routing\\Router->dispatch()
#35 /root/laravel_test/laravel-crud-mysql/vendor/laravel/framework/src/Illuminate/Pipeline/Pipeline.php(128): Illuminate\\Foundation\\Http\\Kernel->Illuminate\\Foundation\\Http\\{closure}()
#36 /root/laravel_test/laravel-crud-mysql/vendor/laravel/framework/src/Illuminate/Foundation/Http/Middleware/TransformsRequest.php(21): Illuminate\\Pipeline\\Pipeline->Illuminate\\Pipeline\\{closure}()
#37 /root/laravel_test/laravel-crud-mysql/vendor/laravel/framework/src/Illuminate/Foundation/Http/Middleware/ConvertEmptyStringsToNull.php(31): Illuminate\\Foundation\\Http\\Middleware\\TransformsRequest->handle()
#38 /root/laravel_test/laravel-crud-mysql/vendor/laravel/framework/src/Illuminate/Pipeline/Pipeline.php(167): Illuminate\\Foundation\\Http\\Middleware\\ConvertEmptyStringsToNull->handle()
#39 /root/laravel_test/laravel-crud-mysql/vendor/laravel/framework/src/Illuminate/Foundation/Http/Middleware/TransformsRequest.php(21): Illuminate\\Pipeline\\Pipeline->Illuminate\\Pipeline\\{closure}()
#40 /root/laravel_test/laravel-crud-mysql/vendor/laravel/framework/src/Illuminate/Foundation/Http/Middleware/TrimStrings.php(40): Illuminate\\Foundation\\Http\\Middleware\\TransformsRequest->handle()
#41 /root/laravel_test/laravel-crud-mysql/vendor/laravel/framework/src/Illuminate/Pipeline/Pipeline.php(167): Illuminate\\Foundation\\Http\\Middleware\\TrimStrings->handle()
#42 /root/laravel_test/laravel-crud-mysql/vendor/laravel/framework/src/Illuminate/Foundation/Http/Middleware/ValidatePostSize.php(27): Illuminate\\Pipeline\\Pipeline->Illuminate\\Pipeline\\{closure}()
#43 /root/laravel_test/laravel-crud-mysql/vendor/laravel/framework/src/Illuminate/Pipeline/Pipeline.php(167): Illuminate\\Foundation\\Http\\Middleware\\ValidatePostSize->handle()
#44 /root/laravel_test/laravel-crud-mysql/vendor/laravel/framework/src/Illuminate/Foundation/Http/Middleware/PreventRequestsDuringMaintenance.php(86): Illuminate\\Pipeline\\Pipeline->Illuminate\\Pipeline\\{closure}()
#45 /root/laravel_test/laravel-crud-mysql/vendor/laravel/framework/src/Illuminate/Pipeline/Pipeline.php(167): Illuminate\\Foundation\\Http\\Middleware\\PreventRequestsDuringMaintenance->handle()
#46 /root/laravel_test/laravel-crud-mysql/vendor/fruitcake/laravel-cors/src/HandleCors.php(38): Illuminate\\Pipeline\\Pipeline->Illuminate\\Pipeline\\{closure}()
#47 /root/laravel_test/laravel-crud-mysql/vendor/laravel/framework/src/Illuminate/Pipeline/Pipeline.php(167): Fruitcake\\Cors\\HandleCors->handle()
#48 /root/laravel_test/laravel-crud-mysql/vendor/laravel/framework/src/Illuminate/Http/Middleware/TrustProxies.php(39): Illuminate\\Pipeline\\Pipeline->Illuminate\\Pipeline\\{closure}()
#49 /root/laravel_test/laravel-crud-mysql/vendor/laravel/framework/src/Illuminate/Pipeline/Pipeline.php(167): Illuminate\\Http\\Middleware\\TrustProxies->handle()
#50 /root/laravel_test/laravel-crud-mysql/vendor/laravel/framework/src/Illuminate/Pipeline/Pipeline.php(103): Illuminate\\Pipeline\\Pipeline->Illuminate\\Pipeline\\{closure}()
#51 /root/laravel_test/laravel-crud-mysql/vendor/laravel/framework/src/Illuminate/Foundation/Http/Kernel.php(142): Illuminate\\Pipeline\\Pipeline->then()
#52 /root/laravel_test/laravel-crud-mysql/vendor/laravel/framework/src/Illuminate/Foundation/Http/Kernel.php(111): Illuminate\\Foundation\\Http\\Kernel->sendRequestThroughRouter()
#53 /root/laravel_test/laravel-crud-mysql/public/index.php(52): Illuminate\\Foundation\\Http\\Kernel->handle()
#54 /root/laravel_test/laravel-crud-mysql/vendor/laravel/framework/src/Illuminate/Foundation/resources/server.php(16): require_once('...')
#55 {main}

[previous exception] [object] (InvalidArgumentException(code: 0): View [layouts.app] not found. at /root/laravel_test/laravel-crud-mysql/vendor/laravel/framework/src/Illuminate/View/FileViewFinder.php:137)
[stacktrace]
#0 /root/laravel_test/laravel-crud-mysql/vendor/laravel/framework/src/Illuminate/View/FileViewFinder.php(79): Illuminate\\View\\FileViewFinder->findInPaths()
#1 /root/laravel_test/laravel-crud-mysql/vendor/laravel/framework/src/Illuminate/View/Factory.php(137): Illuminate\\View\\FileViewFinder->find()
#2 /root/laravel_test/laravel-crud-mysql/storage/framework/views/cc418fbd402d6f3c464b9acd7290c912a9d8b307.php(11): Illuminate\\View\\Factory->make()
#3 /root/laravel_test/laravel-crud-mysql/vendor/laravel/framework/src/Illuminate/Filesystem/Filesystem.php(107): require('...')
#4 /root/laravel_test/laravel-crud-mysql/vendor/laravel/framework/src/Illuminate/Filesystem/Filesystem.php(108): Illuminate\\Filesystem\\Filesystem::Illuminate\\Filesystem\\{closure}()
#5 /root/laravel_test/laravel-crud-mysql/vendor/laravel/framework/src/Illuminate/View/Engines/PhpEngine.php(58): Illuminate\\Filesystem\\Filesystem->getRequire()
#6 /root/laravel_test/laravel-crud-mysql/vendor/laravel/framework/src/Illuminate/View/Engines/CompilerEngine.php(61): Illuminate\\View\\Engines\\PhpEngine->evaluatePath()
#7 /root/laravel_test/laravel-crud-mysql/vendor/laravel/framework/src/Illuminate/View/View.php(139): Illuminate\\View\\Engines\\CompilerEngine->get()
#8 /root/laravel_test/laravel-crud-mysql/vendor/laravel/framework/src/Illuminate/View/View.php(122): Illuminate\\View\\View->getContents()
#9 /root/laravel_test/laravel-crud-mysql/vendor/laravel/framework/src/Illuminate/View/View.php(91): Illuminate\\View\\View->renderContents()
#10 /root/laravel_test/laravel-crud-mysql/vendor/laravel/framework/src/Illuminate/Http/Response.php(69): Illuminate\\View\\View->render()
#11 /root/laravel_test/laravel-crud-mysql/vendor/laravel/framework/src/Illuminate/Http/Response.php(35): Illuminate\\Http\\Response->setContent()
#12 /root/laravel_test/laravel-crud-mysql/vendor/laravel/framework/src/Illuminate/Routing/Router.php(830): Illuminate\\Http\\Response->__construct()
#13 /root/laravel_test/laravel-crud-mysql/vendor/laravel/framework/src/Illuminate/Routing/Router.php(799): Illuminate\\Routing\\Router::toResponse()
#14 /root/laravel_test/laravel-crud-mysql/vendor/laravel/framework/src/Illuminate/Routing/Router.php(721): Illuminate\\Routing\\Router->prepareResponse()
#15 /root/laravel_test/laravel-crud-mysql/vendor/laravel/framework/src/Illuminate/Pipeline/Pipeline.php(128): Illuminate\\Routing\\Router->Illuminate\\Routing\\{closure}()
#16 /root/laravel_test/laravel-crud-mysql/vendor/laravel/framework/src/Illuminate/Routing/Middleware/SubstituteBindings.php(50): Illuminate\\Pipeline\\Pipeline->Illuminate\\Pipeline\\{closure}()
#17 /root/laravel_test/laravel-crud-mysql/vendor/laravel/framework/src/Illuminate/Pipeline/Pipeline.php(167): Illuminate\\Routing\\Middleware\\SubstituteBindings->handle()
#18 /root/laravel_test/laravel-crud-mysql/vendor/laravel/framework/src/Illuminate/Foundation/Http/Middleware/VerifyCsrfToken.php(78): Illuminate\\Pipeline\\Pipeline->Illuminate\\Pipeline\\{closure}()
#19 /root/laravel_test/laravel-crud-mysql/vendor/laravel/framework/src/Illuminate/Pipeline/Pipeline.php(167): Illuminate\\Foundation\\Http\\Middleware\\VerifyCsrfToken->handle()
#20 /root/laravel_test/laravel-crud-mysql/vendor/laravel/framework/src/Illuminate/View/Middleware/ShareErrorsFromSession.php(49): Illuminate\\Pipeline\\Pipeline->Illuminate\\Pipeline\\{closure}()
#21 /root/laravel_test/laravel-crud-mysql/vendor/laravel/framework/src/Illuminate/Pipeline/Pipeline.php(167): Illuminate\\View\\Middleware\\ShareErrorsFromSession->handle()
#22 /root/laravel_test/laravel-crud-mysql/vendor/laravel/framework/src/Illuminate/Session/Middleware/StartSession.php(121): Illuminate\\Pipeline\\Pipeline->Illuminate\\Pipeline\\{closure}()
#23 /root/laravel_test/laravel-crud-mysql/vendor/laravel/framework/src/Illuminate/Session/Middleware/StartSession.php(64): Illuminate\\Session\\Middleware\\StartSession->handleStatefulRequest()
#24 /root/laravel_test/laravel-crud-mysql/vendor/laravel/framework/src/Illuminate/Pipeline/Pipeline.php(167): Illuminate\\Session\\Middleware\\StartSession->handle()
#25 /root/laravel_test/laravel-crud-mysql/vendor/laravel/framework/src/Illuminate/Cookie/Middleware/AddQueuedCookiesToResponse.php(37): Illuminate\\Pipeline\\Pipeline->Illuminate\\Pipeline\\{closure}()
#26 /root/laravel_test/laravel-crud-mysql/vendor/laravel/framework/src/Illuminate/Pipeline/Pipeline.php(167): Illuminate\\Cookie\\Middleware\\AddQueuedCookiesToResponse->handle()
#27 /root/laravel_test/laravel-crud-mysql/vendor/laravel/framework/src/Illuminate/Cookie/Middleware/EncryptCookies.php(67): Illuminate\\Pipeline\\Pipeline->Illuminate\\Pipeline\\{closure}()
#28 /root/laravel_test/laravel-crud-mysql/vendor/laravel/framework/src/Illuminate/Pipeline/Pipeline.php(167): Illuminate\\Cookie\\Middleware\\EncryptCookies->handle()
#29 /root/laravel_test/laravel-crud-mysql/vendor/laravel/framework/src/Illuminate/Pipeline/Pipeline.php(103): Illuminate\\Pipeline\\Pipeline->Illuminate\\Pipeline\\{closure}()
#30 /root/laravel_test/laravel-crud-mysql/vendor/laravel/framework/src/Illuminate/Routing/Router.php(723): Illuminate\\Pipeline\\Pipeline->then()
#31 /root/laravel_test/laravel-crud-mysql/vendor/laravel/framework/src/Illuminate/Routing/Router.php(698): Illuminate\\Routing\\Router->runRouteWithinStack()
#32 /root/laravel_test/laravel-crud-mysql/vendor/laravel/framework/src/Illuminate/Routing/Router.php(662): Illuminate\\Routing\\Router->runRoute()
#33 /root/laravel_test/laravel-crud-mysql/vendor/laravel/framework/src/Illuminate/Routing/Router.php(651): Illuminate\\Routing\\Router->dispatchToRoute()
#34 /root/laravel_test/laravel-crud-mysql/vendor/laravel/framework/src/Illuminate/Foundation/Http/Kernel.php(167): Illuminate\\Routing\\Router->dispatch()
#35 /root/laravel_test/laravel-crud-mysql/vendor/laravel/framework/src/Illuminate/Pipeline/Pipeline.php(128): Illuminate\\Foundation\\Http\\Kernel->Illuminate\\Foundation\\Http\\{closure}()
#36 /root/laravel_test/laravel-crud-mysql/vendor/laravel/framework/src/Illuminate/Foundation/Http/Middleware/TransformsRequest.php(21): Illuminate\\Pipeline\\Pipeline->Illuminate\\Pipeline\\{closure}()
#37 /root/laravel_test/laravel-crud-mysql/vendor/laravel/framework/src/Illuminate/Foundation/Http/Middleware/ConvertEmptyStringsToNull.php(31): Illuminate\\Foundation\\Http\\Middleware\\TransformsRequest->handle()
#38 /root/laravel_test/laravel-crud-mysql/vendor/laravel/framework/src/Illuminate/Pipeline/Pipeline.php(167): Illuminate\\Foundation\\Http\\Middleware\\ConvertEmptyStringsToNull->handle()
#39 /root/laravel_test/laravel-crud-mysql/vendor/laravel/framework/src/Illuminate/Foundation/Http/Middleware/TransformsRequest.php(21): Illuminate\\Pipeline\\Pipeline->Illuminate\\Pipeline\\{closure}()
#40 /root/laravel_test/laravel-crud-mysql/vendor/laravel/framework/src/Illuminate/Foundation/Http/Middleware/TrimStrings.php(40): Illuminate\\Foundation\\Http\\Middleware\\TransformsRequest->handle()
#41 /root/laravel_test/laravel-crud-mysql/vendor/laravel/framework/src/Illuminate/Pipeline/Pipeline.php(167): Illuminate\\Foundation\\Http\\Middleware\\TrimStrings->handle()
#42 /root/laravel_test/laravel-crud-mysql/vendor/laravel/framework/src/Illuminate/Foundation/Http/Middleware/ValidatePostSize.php(27): Illuminate\\Pipeline\\Pipeline->Illuminate\\Pipeline\\{closure}()
#43 /root/laravel_test/laravel-crud-mysql/vendor/laravel/framework/src/Illuminate/Pipeline/Pipeline.php(167): Illuminate\\Foundation\\Http\\Middleware\\ValidatePostSize->handle()
#44 /root/laravel_test/laravel-crud-mysql/vendor/laravel/framework/src/Illuminate/Foundation/Http/Middleware/PreventRequestsDuringMaintenance.php(86): Illuminate\\Pipeline\\Pipeline->Illuminate\\Pipeline\\{closure}()
#45 /root/laravel_test/laravel-crud-mysql/vendor/laravel/framework/src/Illuminate/Pipeline/Pipeline.php(167): Illuminate\\Foundation\\Http\\Middleware\\PreventRequestsDuringMaintenance->handle()
#46 /root/laravel_test/laravel-crud-mysql/vendor/fruitcake/laravel-cors/src/HandleCors.php(38): Illuminate\\Pipeline\\Pipeline->Illuminate\\Pipeline\\{closure}()
#47 /root/laravel_test/laravel-crud-mysql/vendor/laravel/framework/src/Illuminate/Pipeline/Pipeline.php(167): Fruitcake\\Cors\\HandleCors->handle()
#48 /root/laravel_test/laravel-crud-mysql/vendor/laravel/framework/src/Illuminate/Http/Middleware/TrustProxies.php(39): Illuminate\\Pipeline\\Pipeline->Illuminate\\Pipeline\\{closure}()
#49 /root/laravel_test/laravel-crud-mysql/vendor/laravel/framework/src/Illuminate/Pipeline/Pipeline.php(167): Illuminate\\Http\\Middleware\\TrustProxies->handle()
#50 /root/laravel_test/laravel-crud-mysql/vendor/laravel/framework/src/Illuminate/Pipeline/Pipeline.php(103): Illuminate\\Pipeline\\Pipeline->Illuminate\\Pipeline\\{closure}()
#51 /root/laravel_test/laravel-crud-mysql/vendor/laravel/framework/src/Illuminate/Foundation/Http/Kernel.php(142): Illuminate\\Pipeline\\Pipeline->then()
#52 /root/laravel_test/laravel-crud-mysql/vendor/laravel/framework/src/Illuminate/Foundation/Http/Kernel.php(111): Illuminate\\Foundation\\Http\\Kernel->sendRequestThroughRouter()
#53 /root/laravel_test/laravel-crud-mysql/public/index.php(52): Illuminate\\Foundation\\Http\\Kernel->handle()
#54 /root/laravel_test/laravel-crud-mysql/vendor/laravel/framework/src/Illuminate/Foundation/resources/server.php(16): require_once('...')
#55 {main}
"} 
[2025-02-01 01:28:18] local.ERROR: View [layouts.app] not found. {"view":{"view":"/root/laravel_test/laravel-crud-mysql/resources/views/test.blade.php","data":[]},"exception":"[object] (Spatie\\LaravelIgnition\\Exceptions\\ViewException(code: 0): View [layouts.app] not found. at /root/laravel_test/laravel-crud-mysql/vendor/laravel/framework/src/Illuminate/View/FileViewFinder.php:137)
[stacktrace]
#0 /root/laravel_test/laravel-crud-mysql/vendor/laravel/framework/src/Illuminate/View/FileViewFinder.php(79): Illuminate\\View\\FileViewFinder->findInPaths()
#1 /root/laravel_test/laravel-crud-mysql/vendor/laravel/framework/src/Illuminate/View/Factory.php(137): Illuminate\\View\\FileViewFinder->find()
#2 /root/laravel_test/laravel-crud-mysql/resources/views/test.blade.php(16): Illuminate\\View\\Factory->make()
#3 /root/laravel_test/laravel-crud-mysql/vendor/laravel/framework/src/Illuminate/Filesystem/Filesystem.php(107): require('...')
#4 /root/laravel_test/laravel-crud-mysql/vendor/laravel/framework/src/Illuminate/Filesystem/Filesystem.php(108): Illuminate\\Filesystem\\Filesystem::Illuminate\\Filesystem\\{closure}()
#5 /root/laravel_test/laravel-crud-mysql/vendor/laravel/framework/src/Illuminate/View/Engines/PhpEngine.php(58): Illuminate\\Filesystem\\Filesystem->getRequire()
#6 /root/laravel_test/laravel-crud-mysql/vendor/laravel/framework/src/Illuminate/View/Engines/CompilerEngine.php(61): Illuminate\\View\\Engines\\PhpEngine->evaluatePath()
#7 /root/laravel_test/laravel-crud-mysql/vendor/laravel/framework/src/Illuminate/View/View.php(139): Illuminate\\View\\Engines\\CompilerEngine->get()
#8 /root/laravel_test/laravel-crud-mysql/vendor/laravel/framework/src/Illuminate/View/View.php(122): Illuminate\\View\\View->getContents()
#9 /root/laravel_test/laravel-crud-mysql/vendor/laravel/framework/src/Illuminate/View/View.php(91): Illuminate\\View\\View->renderContents()
#10 /root/laravel_test/laravel-crud-mysql/vendor/laravel/framework/src/Illuminate/Http/Response.php(69): Illuminate\\View\\View->render()
#11 /root/laravel_test/laravel-crud-mysql/vendor/laravel/framework/src/Illuminate/Http/Response.php(35): Illuminate\\Http\\Response->setContent()
#12 /root/laravel_test/laravel-crud-mysql/vendor/laravel/framework/src/Illuminate/Routing/Router.php(830): Illuminate\\Http\\Response->__construct()
#13 /root/laravel_test/laravel-crud-mysql/vendor/laravel/framework/src/Illuminate/Routing/Router.php(799): Illuminate\\Routing\\Router::toResponse()
#14 /root/laravel_test/laravel-crud-mysql/vendor/laravel/framework/src/Illuminate/Routing/Router.php(721): Illuminate\\Routing\\Router->prepareResponse()
#15 /root/laravel_test/laravel-crud-mysql/vendor/laravel/framework/src/Illuminate/Pipeline/Pipeline.php(128): Illuminate\\Routing\\Router->Illuminate\\Routing\\{closure}()
#16 /root/laravel_test/laravel-crud-mysql/vendor/laravel/framework/src/Illuminate/Routing/Middleware/SubstituteBindings.php(50): Illuminate\\Pipeline\\Pipeline->Illuminate\\Pipeline\\{closure}()
#17 /root/laravel_test/laravel-crud-mysql/vendor/laravel/framework/src/Illuminate/Pipeline/Pipeline.php(167): Illuminate\\Routing\\Middleware\\SubstituteBindings->handle()
#18 /root/laravel_test/laravel-crud-mysql/vendor/laravel/framework/src/Illuminate/Foundation/Http/Middleware/VerifyCsrfToken.php(78): Illuminate\\Pipeline\\Pipeline->Illuminate\\Pipeline\\{closure}()
#19 /root/laravel_test/laravel-crud-mysql/vendor/laravel/framework/src/Illuminate/Pipeline/Pipeline.php(167): Illuminate\\Foundation\\Http\\Middleware\\VerifyCsrfToken->handle()
#20 /root/laravel_test/laravel-crud-mysql/vendor/laravel/framework/src/Illuminate/View/Middleware/ShareErrorsFromSession.php(49): Illuminate\\Pipeline\\Pipeline->Illuminate\\Pipeline\\{closure}()
#21 /root/laravel_test/laravel-crud-mysql/vendor/laravel/framework/src/Illuminate/Pipeline/Pipeline.php(167): Illuminate\\View\\Middleware\\ShareErrorsFromSession->handle()
#22 /root/laravel_test/laravel-crud-mysql/vendor/laravel/framework/src/Illuminate/Session/Middleware/StartSession.php(121): Illuminate\\Pipeline\\Pipeline->Illuminate\\Pipeline\\{closure}()
#23 /root/laravel_test/laravel-crud-mysql/vendor/laravel/framework/src/Illuminate/Session/Middleware/StartSession.php(64): Illuminate\\Session\\Middleware\\StartSession->handleStatefulRequest()
#24 /root/laravel_test/laravel-crud-mysql/vendor/laravel/framework/src/Illuminate/Pipeline/Pipeline.php(167): Illuminate\\Session\\Middleware\\StartSession->handle()
#25 /root/laravel_test/laravel-crud-mysql/vendor/laravel/framework/src/Illuminate/Cookie/Middleware/AddQueuedCookiesToResponse.php(37): Illuminate\\Pipeline\\Pipeline->Illuminate\\Pipeline\\{closure}()
#26 /root/laravel_test/laravel-crud-mysql/vendor/laravel/framework/src/Illuminate/Pipeline/Pipeline.php(167): Illuminate\\Cookie\\Middleware\\AddQueuedCookiesToResponse->handle()
#27 /root/laravel_test/laravel-crud-mysql/vendor/laravel/framework/src/Illuminate/Cookie/Middleware/EncryptCookies.php(67): Illuminate\\Pipeline\\Pipeline->Illuminate\\Pipeline\\{closure}()
#28 /root/laravel_test/laravel-crud-mysql/vendor/laravel/framework/src/Illuminate/Pipeline/Pipeline.php(167): Illuminate\\Cookie\\Middleware\\EncryptCookies->handle()
#29 /root/laravel_test/laravel-crud-mysql/vendor/laravel/framework/src/Illuminate/Pipeline/Pipeline.php(103): Illuminate\\Pipeline\\Pipeline->Illuminate\\Pipeline\\{closure}()
#30 /root/laravel_test/laravel-crud-mysql/vendor/laravel/framework/src/Illuminate/Routing/Router.php(723): Illuminate\\Pipeline\\Pipeline->then()
#31 /root/laravel_test/laravel-crud-mysql/vendor/laravel/framework/src/Illuminate/Routing/Router.php(698): Illuminate\\Routing\\Router->runRouteWithinStack()
#32 /root/laravel_test/laravel-crud-mysql/vendor/laravel/framework/src/Illuminate/Routing/Router.php(662): Illuminate\\Routing\\Router->runRoute()
#33 /root/laravel_test/laravel-crud-mysql/vendor/laravel/framework/src/Illuminate/Routing/Router.php(651): Illuminate\\Routing\\Router->dispatchToRoute()
#34 /root/laravel_test/laravel-crud-mysql/vendor/laravel/framework/src/Illuminate/Foundation/Http/Kernel.php(167): Illuminate\\Routing\\Router->dispatch()
#35 /root/laravel_test/laravel-crud-mysql/vendor/laravel/framework/src/Illuminate/Pipeline/Pipeline.php(128): Illuminate\\Foundation\\Http\\Kernel->Illuminate\\Foundation\\Http\\{closure}()
#36 /root/laravel_test/laravel-crud-mysql/vendor/laravel/framework/src/Illuminate/Foundation/Http/Middleware/TransformsRequest.php(21): Illuminate\\Pipeline\\Pipeline->Illuminate\\Pipeline\\{closure}()
#37 /root/laravel_test/laravel-crud-mysql/vendor/laravel/framework/src/Illuminate/Foundation/Http/Middleware/ConvertEmptyStringsToNull.php(31): Illuminate\\Foundation\\Http\\Middleware\\TransformsRequest->handle()
#38 /root/laravel_test/laravel-crud-mysql/vendor/laravel/framework/src/Illuminate/Pipeline/Pipeline.php(167): Illuminate\\Foundation\\Http\\Middleware\\ConvertEmptyStringsToNull->handle()
#39 /root/laravel_test/laravel-crud-mysql/vendor/laravel/framework/src/Illuminate/Foundation/Http/Middleware/TransformsRequest.php(21): Illuminate\\Pipeline\\Pipeline->Illuminate\\Pipeline\\{closure}()
#40 /root/laravel_test/laravel-crud-mysql/vendor/laravel/framework/src/Illuminate/Foundation/Http/Middleware/TrimStrings.php(40): Illuminate\\Foundation\\Http\\Middleware\\TransformsRequest->handle()
#41 /root/laravel_test/laravel-crud-mysql/vendor/laravel/framework/src/Illuminate/Pipeline/Pipeline.php(167): Illuminate\\Foundation\\Http\\Middleware\\TrimStrings->handle()
#42 /root/laravel_test/laravel-crud-mysql/vendor/laravel/framework/src/Illuminate/Foundation/Http/Middleware/ValidatePostSize.php(27): Illuminate\\Pipeline\\Pipeline->Illuminate\\Pipeline\\{closure}()
#43 /root/laravel_test/laravel-crud-mysql/vendor/laravel/framework/src/Illuminate/Pipeline/Pipeline.php(167): Illuminate\\Foundation\\Http\\Middleware\\ValidatePostSize->handle()
#44 /root/laravel_test/laravel-crud-mysql/vendor/laravel/framework/src/Illuminate/Foundation/Http/Middleware/PreventRequestsDuringMaintenance.php(86): Illuminate\\Pipeline\\Pipeline->Illuminate\\Pipeline\\{closure}()
#45 /root/laravel_test/laravel-crud-mysql/vendor/laravel/framework/src/Illuminate/Pipeline/Pipeline.php(167): Illuminate\\Foundation\\Http\\Middleware\\PreventRequestsDuringMaintenance->handle()
#46 /root/laravel_test/laravel-crud-mysql/vendor/fruitcake/laravel-cors/src/HandleCors.php(38): Illuminate\\Pipeline\\Pipeline->Illuminate\\Pipeline\\{closure}()
#47 /root/laravel_test/laravel-crud-mysql/vendor/laravel/framework/src/Illuminate/Pipeline/Pipeline.php(167): Fruitcake\\Cors\\HandleCors->handle()
#48 /root/laravel_test/laravel-crud-mysql/vendor/laravel/framework/src/Illuminate/Http/Middleware/TrustProxies.php(39): Illuminate\\Pipeline\\Pipeline->Illuminate\\Pipeline\\{closure}()
#49 /root/laravel_test/laravel-crud-mysql/vendor/laravel/framework/src/Illuminate/Pipeline/Pipeline.php(167): Illuminate\\Http\\Middleware\\TrustProxies->handle()
#50 /root/laravel_test/laravel-crud-mysql/vendor/laravel/framework/src/Illuminate/Pipeline/Pipeline.php(103): Illuminate\\Pipeline\\Pipeline->Illuminate\\Pipeline\\{closure}()
#51 /root/laravel_test/laravel-crud-mysql/vendor/laravel/framework/src/Illuminate/Foundation/Http/Kernel.php(142): Illuminate\\Pipeline\\Pipeline->then()
#52 /root/laravel_test/laravel-crud-mysql/vendor/laravel/framework/src/Illuminate/Foundation/Http/Kernel.php(111): Illuminate\\Foundation\\Http\\Kernel->sendRequestThroughRouter()
#53 /root/laravel_test/laravel-crud-mysql/public/index.php(52): Illuminate\\Foundation\\Http\\Kernel->handle()
#54 /root/laravel_test/laravel-crud-mysql/vendor/laravel/framework/src/Illuminate/Foundation/resources/server.php(16): require_once('...')
#55 {main}

[previous exception] [object] (InvalidArgumentException(code: 0): View [layouts.app] not found. at /root/laravel_test/laravel-crud-mysql/vendor/laravel/framework/src/Illuminate/View/FileViewFinder.php:137)
[stacktrace]
#0 /root/laravel_test/laravel-crud-mysql/vendor/laravel/framework/src/Illuminate/View/FileViewFinder.php(79): Illuminate\\View\\FileViewFinder->findInPaths()
#1 /root/laravel_test/laravel-crud-mysql/vendor/laravel/framework/src/Illuminate/View/Factory.php(137): Illuminate\\View\\FileViewFinder->find()
#2 /root/laravel_test/laravel-crud-mysql/storage/framework/views/cc418fbd402d6f3c464b9acd7290c912a9d8b307.php(15): Illuminate\\View\\Factory->make()
#3 /root/laravel_test/laravel-crud-mysql/vendor/laravel/framework/src/Illuminate/Filesystem/Filesystem.php(107): require('...')
#4 /root/laravel_test/laravel-crud-mysql/vendor/laravel/framework/src/Illuminate/Filesystem/Filesystem.php(108): Illuminate\\Filesystem\\Filesystem::Illuminate\\Filesystem\\{closure}()
#5 /root/laravel_test/laravel-crud-mysql/vendor/laravel/framework/src/Illuminate/View/Engines/PhpEngine.php(58): Illuminate\\Filesystem\\Filesystem->getRequire()
#6 /root/laravel_test/laravel-crud-mysql/vendor/laravel/framework/src/Illuminate/View/Engines/CompilerEngine.php(61): Illuminate\\View\\Engines\\PhpEngine->evaluatePath()
#7 /root/laravel_test/laravel-crud-mysql/vendor/laravel/framework/src/Illuminate/View/View.php(139): Illuminate\\View\\Engines\\CompilerEngine->get()
#8 /root/laravel_test/laravel-crud-mysql/vendor/laravel/framework/src/Illuminate/View/View.php(122): Illuminate\\View\\View->getContents()
#9 /root/laravel_test/laravel-crud-mysql/vendor/laravel/framework/src/Illuminate/View/View.php(91): Illuminate\\View\\View->renderContents()
#10 /root/laravel_test/laravel-crud-mysql/vendor/laravel/framework/src/Illuminate/Http/Response.php(69): Illuminate\\View\\View->render()
#11 /root/laravel_test/laravel-crud-mysql/vendor/laravel/framework/src/Illuminate/Http/Response.php(35): Illuminate\\Http\\Response->setContent()
#12 /root/laravel_test/laravel-crud-mysql/vendor/laravel/framework/src/Illuminate/Routing/Router.php(830): Illuminate\\Http\\Response->__construct()
#13 /root/laravel_test/laravel-crud-mysql/vendor/laravel/framework/src/Illuminate/Routing/Router.php(799): Illuminate\\Routing\\Router::toResponse()
#14 /root/laravel_test/laravel-crud-mysql/vendor/laravel/framework/src/Illuminate/Routing/Router.php(721): Illuminate\\Routing\\Router->prepareResponse()
#15 /root/laravel_test/laravel-crud-mysql/vendor/laravel/framework/src/Illuminate/Pipeline/Pipeline.php(128): Illuminate\\Routing\\Router->Illuminate\\Routing\\{closure}()
#16 /root/laravel_test/laravel-crud-mysql/vendor/laravel/framework/src/Illuminate/Routing/Middleware/SubstituteBindings.php(50): Illuminate\\Pipeline\\Pipeline->Illuminate\\Pipeline\\{closure}()
#17 /root/laravel_test/laravel-crud-mysql/vendor/laravel/framework/src/Illuminate/Pipeline/Pipeline.php(167): Illuminate\\Routing\\Middleware\\SubstituteBindings->handle()
#18 /root/laravel_test/laravel-crud-mysql/vendor/laravel/framework/src/Illuminate/Foundation/Http/Middleware/VerifyCsrfToken.php(78): Illuminate\\Pipeline\\Pipeline->Illuminate\\Pipeline\\{closure}()
#19 /root/laravel_test/laravel-crud-mysql/vendor/laravel/framework/src/Illuminate/Pipeline/Pipeline.php(167): Illuminate\\Foundation\\Http\\Middleware\\VerifyCsrfToken->handle()
#20 /root/laravel_test/laravel-crud-mysql/vendor/laravel/framework/src/Illuminate/View/Middleware/ShareErrorsFromSession.php(49): Illuminate\\Pipeline\\Pipeline->Illuminate\\Pipeline\\{closure}()
#21 /root/laravel_test/laravel-crud-mysql/vendor/laravel/framework/src/Illuminate/Pipeline/Pipeline.php(167): Illuminate\\View\\Middleware\\ShareErrorsFromSession->handle()
#22 /root/laravel_test/laravel-crud-mysql/vendor/laravel/framework/src/Illuminate/Session/Middleware/StartSession.php(121): Illuminate\\Pipeline\\Pipeline->Illuminate\\Pipeline\\{closure}()
#23 /root/laravel_test/laravel-crud-mysql/vendor/laravel/framework/src/Illuminate/Session/Middleware/StartSession.php(64): Illuminate\\Session\\Middleware\\StartSession->handleStatefulRequest()
#24 /root/laravel_test/laravel-crud-mysql/vendor/laravel/framework/src/Illuminate/Pipeline/Pipeline.php(167): Illuminate\\Session\\Middleware\\StartSession->handle()
#25 /root/laravel_test/laravel-crud-mysql/vendor/laravel/framework/src/Illuminate/Cookie/Middleware/AddQueuedCookiesToResponse.php(37): Illuminate\\Pipeline\\Pipeline->Illuminate\\Pipeline\\{closure}()
#26 /root/laravel_test/laravel-crud-mysql/vendor/laravel/framework/src/Illuminate/Pipeline/Pipeline.php(167): Illuminate\\Cookie\\Middleware\\AddQueuedCookiesToResponse->handle()
#27 /root/laravel_test/laravel-crud-mysql/vendor/laravel/framework/src/Illuminate/Cookie/Middleware/EncryptCookies.php(67): Illuminate\\Pipeline\\Pipeline->Illuminate\\Pipeline\\{closure}()
#28 /root/laravel_test/laravel-crud-mysql/vendor/laravel/framework/src/Illuminate/Pipeline/Pipeline.php(167): Illuminate\\Cookie\\Middleware\\EncryptCookies->handle()
#29 /root/laravel_test/laravel-crud-mysql/vendor/laravel/framework/src/Illuminate/Pipeline/Pipeline.php(103): Illuminate\\Pipeline\\Pipeline->Illuminate\\Pipeline\\{closure}()
#30 /root/laravel_test/laravel-crud-mysql/vendor/laravel/framework/src/Illuminate/Routing/Router.php(723): Illuminate\\Pipeline\\Pipeline->then()
#31 /root/laravel_test/laravel-crud-mysql/vendor/laravel/framework/src/Illuminate/Routing/Router.php(698): Illuminate\\Routing\\Router->runRouteWithinStack()
#32 /root/laravel_test/laravel-crud-mysql/vendor/laravel/framework/src/Illuminate/Routing/Router.php(662): Illuminate\\Routing\\Router->runRoute()
#33 /root/laravel_test/laravel-crud-mysql/vendor/laravel/framework/src/Illuminate/Routing/Router.php(651): Illuminate\\Routing\\Router->dispatchToRoute()
#34 /root/laravel_test/laravel-crud-mysql/vendor/laravel/framework/src/Illuminate/Foundation/Http/Kernel.php(167): Illuminate\\Routing\\Router->dispatch()
#35 /root/laravel_test/laravel-crud-mysql/vendor/laravel/framework/src/Illuminate/Pipeline/Pipeline.php(128): Illuminate\\Foundation\\Http\\Kernel->Illuminate\\Foundation\\Http\\{closure}()
#36 /root/laravel_test/laravel-crud-mysql/vendor/laravel/framework/src/Illuminate/Foundation/Http/Middleware/TransformsRequest.php(21): Illuminate\\Pipeline\\Pipeline->Illuminate\\Pipeline\\{closure}()
#37 /root/laravel_test/laravel-crud-mysql/vendor/laravel/framework/src/Illuminate/Foundation/Http/Middleware/ConvertEmptyStringsToNull.php(31): Illuminate\\Foundation\\Http\\Middleware\\TransformsRequest->handle()
#38 /root/laravel_test/laravel-crud-mysql/vendor/laravel/framework/src/Illuminate/Pipeline/Pipeline.php(167): Illuminate\\Foundation\\Http\\Middleware\\ConvertEmptyStringsToNull->handle()
#39 /root/laravel_test/laravel-crud-mysql/vendor/laravel/framework/src/Illuminate/Foundation/Http/Middleware/TransformsRequest.php(21): Illuminate\\Pipeline\\Pipeline->Illuminate\\Pipeline\\{closure}()
#40 /root/laravel_test/laravel-crud-mysql/vendor/laravel/framework/src/Illuminate/Foundation/Http/Middleware/TrimStrings.php(40): Illuminate\\Foundation\\Http\\Middleware\\TransformsRequest->handle()
#41 /root/laravel_test/laravel-crud-mysql/vendor/laravel/framework/src/Illuminate/Pipeline/Pipeline.php(167): Illuminate\\Foundation\\Http\\Middleware\\TrimStrings->handle()
#42 /root/laravel_test/laravel-crud-mysql/vendor/laravel/framework/src/Illuminate/Foundation/Http/Middleware/ValidatePostSize.php(27): Illuminate\\Pipeline\\Pipeline->Illuminate\\Pipeline\\{closure}()
#43 /root/laravel_test/laravel-crud-mysql/vendor/laravel/framework/src/Illuminate/Pipeline/Pipeline.php(167): Illuminate\\Foundation\\Http\\Middleware\\ValidatePostSize->handle()
#44 /root/laravel_test/laravel-crud-mysql/vendor/laravel/framework/src/Illuminate/Foundation/Http/Middleware/PreventRequestsDuringMaintenance.php(86): Illuminate\\Pipeline\\Pipeline->Illuminate\\Pipeline\\{closure}()
#45 /root/laravel_test/laravel-crud-mysql/vendor/laravel/framework/src/Illuminate/Pipeline/Pipeline.php(167): Illuminate\\Foundation\\Http\\Middleware\\PreventRequestsDuringMaintenance->handle()
#46 /root/laravel_test/laravel-crud-mysql/vendor/fruitcake/laravel-cors/src/HandleCors.php(38): Illuminate\\Pipeline\\Pipeline->Illuminate\\Pipeline\\{closure}()
#47 /root/laravel_test/laravel-crud-mysql/vendor/laravel/framework/src/Illuminate/Pipeline/Pipeline.php(167): Fruitcake\\Cors\\HandleCors->handle()
#48 /root/laravel_test/laravel-crud-mysql/vendor/laravel/framework/src/Illuminate/Http/Middleware/TrustProxies.php(39): Illuminate\\Pipeline\\Pipeline->Illuminate\\Pipeline\\{closure}()
#49 /root/laravel_test/laravel-crud-mysql/vendor/laravel/framework/src/Illuminate/Pipeline/Pipeline.php(167): Illuminate\\Http\\Middleware\\TrustProxies->handle()
#50 /root/laravel_test/laravel-crud-mysql/vendor/laravel/framework/src/Illuminate/Pipeline/Pipeline.php(103): Illuminate\\Pipeline\\Pipeline->Illuminate\\Pipeline\\{closure}()
#51 /root/laravel_test/laravel-crud-mysql/vendor/laravel/framework/src/Illuminate/Foundation/Http/Kernel.php(142): Illuminate\\Pipeline\\Pipeline->then()
#52 /root/laravel_test/laravel-crud-mysql/vendor/laravel/framework/src/Illuminate/Foundation/Http/Kernel.php(111): Illuminate\\Foundation\\Http\\Kernel->sendRequestThroughRouter()
#53 /root/laravel_test/laravel-crud-mysql/public/index.php(52): Illuminate\\Foundation\\Http\\Kernel->handle()
#54 /root/laravel_test/laravel-crud-mysql/vendor/laravel/framework/src/Illuminate/Foundation/resources/server.php(16): require_once('...')
#55 {main}
"} 
[2025-02-01 01:28:19] local.ERROR: View [layouts.app] not found. {"view":{"view":"/root/laravel_test/laravel-crud-mysql/resources/views/test.blade.php","data":[]},"exception":"[object] (Spatie\\LaravelIgnition\\Exceptions\\ViewException(code: 0): View [layouts.app] not found. at /root/laravel_test/laravel-crud-mysql/vendor/laravel/framework/src/Illuminate/View/FileViewFinder.php:137)
[stacktrace]
#0 /root/laravel_test/laravel-crud-mysql/vendor/laravel/framework/src/Illuminate/View/FileViewFinder.php(79): Illuminate\\View\\FileViewFinder->findInPaths()
#1 /root/laravel_test/laravel-crud-mysql/vendor/laravel/framework/src/Illuminate/View/Factory.php(137): Illuminate\\View\\FileViewFinder->find()
#2 /root/laravel_test/laravel-crud-mysql/resources/views/test.blade.php(16): Illuminate\\View\\Factory->make()
#3 /root/laravel_test/laravel-crud-mysql/vendor/laravel/framework/src/Illuminate/Filesystem/Filesystem.php(107): require('...')
#4 /root/laravel_test/laravel-crud-mysql/vendor/laravel/framework/src/Illuminate/Filesystem/Filesystem.php(108): Illuminate\\Filesystem\\Filesystem::Illuminate\\Filesystem\\{closure}()
#5 /root/laravel_test/laravel-crud-mysql/vendor/laravel/framework/src/Illuminate/View/Engines/PhpEngine.php(58): Illuminate\\Filesystem\\Filesystem->getRequire()
#6 /root/laravel_test/laravel-crud-mysql/vendor/laravel/framework/src/Illuminate/View/Engines/CompilerEngine.php(61): Illuminate\\View\\Engines\\PhpEngine->evaluatePath()
#7 /root/laravel_test/laravel-crud-mysql/vendor/laravel/framework/src/Illuminate/View/View.php(139): Illuminate\\View\\Engines\\CompilerEngine->get()
#8 /root/laravel_test/laravel-crud-mysql/vendor/laravel/framework/src/Illuminate/View/View.php(122): Illuminate\\View\\View->getContents()
#9 /root/laravel_test/laravel-crud-mysql/vendor/laravel/framework/src/Illuminate/View/View.php(91): Illuminate\\View\\View->renderContents()
#10 /root/laravel_test/laravel-crud-mysql/vendor/laravel/framework/src/Illuminate/Http/Response.php(69): Illuminate\\View\\View->render()
#11 /root/laravel_test/laravel-crud-mysql/vendor/laravel/framework/src/Illuminate/Http/Response.php(35): Illuminate\\Http\\Response->setContent()
#12 /root/laravel_test/laravel-crud-mysql/vendor/laravel/framework/src/Illuminate/Routing/Router.php(830): Illuminate\\Http\\Response->__construct()
#13 /root/laravel_test/laravel-crud-mysql/vendor/laravel/framework/src/Illuminate/Routing/Router.php(799): Illuminate\\Routing\\Router::toResponse()
#14 /root/laravel_test/laravel-crud-mysql/vendor/laravel/framework/src/Illuminate/Routing/Router.php(721): Illuminate\\Routing\\Router->prepareResponse()
#15 /root/laravel_test/laravel-crud-mysql/vendor/laravel/framework/src/Illuminate/Pipeline/Pipeline.php(128): Illuminate\\Routing\\Router->Illuminate\\Routing\\{closure}()
#16 /root/laravel_test/laravel-crud-mysql/vendor/laravel/framework/src/Illuminate/Routing/Middleware/SubstituteBindings.php(50): Illuminate\\Pipeline\\Pipeline->Illuminate\\Pipeline\\{closure}()
#17 /root/laravel_test/laravel-crud-mysql/vendor/laravel/framework/src/Illuminate/Pipeline/Pipeline.php(167): Illuminate\\Routing\\Middleware\\SubstituteBindings->handle()
#18 /root/laravel_test/laravel-crud-mysql/vendor/laravel/framework/src/Illuminate/Foundation/Http/Middleware/VerifyCsrfToken.php(78): Illuminate\\Pipeline\\Pipeline->Illuminate\\Pipeline\\{closure}()
#19 /root/laravel_test/laravel-crud-mysql/vendor/laravel/framework/src/Illuminate/Pipeline/Pipeline.php(167): Illuminate\\Foundation\\Http\\Middleware\\VerifyCsrfToken->handle()
#20 /root/laravel_test/laravel-crud-mysql/vendor/laravel/framework/src/Illuminate/View/Middleware/ShareErrorsFromSession.php(49): Illuminate\\Pipeline\\Pipeline->Illuminate\\Pipeline\\{closure}()
#21 /root/laravel_test/laravel-crud-mysql/vendor/laravel/framework/src/Illuminate/Pipeline/Pipeline.php(167): Illuminate\\View\\Middleware\\ShareErrorsFromSession->handle()
#22 /root/laravel_test/laravel-crud-mysql/vendor/laravel/framework/src/Illuminate/Session/Middleware/StartSession.php(121): Illuminate\\Pipeline\\Pipeline->Illuminate\\Pipeline\\{closure}()
#23 /root/laravel_test/laravel-crud-mysql/vendor/laravel/framework/src/Illuminate/Session/Middleware/StartSession.php(64): Illuminate\\Session\\Middleware\\StartSession->handleStatefulRequest()
#24 /root/laravel_test/laravel-crud-mysql/vendor/laravel/framework/src/Illuminate/Pipeline/Pipeline.php(167): Illuminate\\Session\\Middleware\\StartSession->handle()
#25 /root/laravel_test/laravel-crud-mysql/vendor/laravel/framework/src/Illuminate/Cookie/Middleware/AddQueuedCookiesToResponse.php(37): Illuminate\\Pipeline\\Pipeline->Illuminate\\Pipeline\\{closure}()
#26 /root/laravel_test/laravel-crud-mysql/vendor/laravel/framework/src/Illuminate/Pipeline/Pipeline.php(167): Illuminate\\Cookie\\Middleware\\AddQueuedCookiesToResponse->handle()
#27 /root/laravel_test/laravel-crud-mysql/vendor/laravel/framework/src/Illuminate/Cookie/Middleware/EncryptCookies.php(67): Illuminate\\Pipeline\\Pipeline->Illuminate\\Pipeline\\{closure}()
#28 /root/laravel_test/laravel-crud-mysql/vendor/laravel/framework/src/Illuminate/Pipeline/Pipeline.php(167): Illuminate\\Cookie\\Middleware\\EncryptCookies->handle()
#29 /root/laravel_test/laravel-crud-mysql/vendor/laravel/framework/src/Illuminate/Pipeline/Pipeline.php(103): Illuminate\\Pipeline\\Pipeline->Illuminate\\Pipeline\\{closure}()
#30 /root/laravel_test/laravel-crud-mysql/vendor/laravel/framework/src/Illuminate/Routing/Router.php(723): Illuminate\\Pipeline\\Pipeline->then()
#31 /root/laravel_test/laravel-crud-mysql/vendor/laravel/framework/src/Illuminate/Routing/Router.php(698): Illuminate\\Routing\\Router->runRouteWithinStack()
#32 /root/laravel_test/laravel-crud-mysql/vendor/laravel/framework/src/Illuminate/Routing/Router.php(662): Illuminate\\Routing\\Router->runRoute()
#33 /root/laravel_test/laravel-crud-mysql/vendor/laravel/framework/src/Illuminate/Routing/Router.php(651): Illuminate\\Routing\\Router->dispatchToRoute()
#34 /root/laravel_test/laravel-crud-mysql/vendor/laravel/framework/src/Illuminate/Foundation/Http/Kernel.php(167): Illuminate\\Routing\\Router->dispatch()
#35 /root/laravel_test/laravel-crud-mysql/vendor/laravel/framework/src/Illuminate/Pipeline/Pipeline.php(128): Illuminate\\Foundation\\Http\\Kernel->Illuminate\\Foundation\\Http\\{closure}()
#36 /root/laravel_test/laravel-crud-mysql/vendor/laravel/framework/src/Illuminate/Foundation/Http/Middleware/TransformsRequest.php(21): Illuminate\\Pipeline\\Pipeline->Illuminate\\Pipeline\\{closure}()
#37 /root/laravel_test/laravel-crud-mysql/vendor/laravel/framework/src/Illuminate/Foundation/Http/Middleware/ConvertEmptyStringsToNull.php(31): Illuminate\\Foundation\\Http\\Middleware\\TransformsRequest->handle()
#38 /root/laravel_test/laravel-crud-mysql/vendor/laravel/framework/src/Illuminate/Pipeline/Pipeline.php(167): Illuminate\\Foundation\\Http\\Middleware\\ConvertEmptyStringsToNull->handle()
#39 /root/laravel_test/laravel-crud-mysql/vendor/laravel/framework/src/Illuminate/Foundation/Http/Middleware/TransformsRequest.php(21): Illuminate\\Pipeline\\Pipeline->Illuminate\\Pipeline\\{closure}()
#40 /root/laravel_test/laravel-crud-mysql/vendor/laravel/framework/src/Illuminate/Foundation/Http/Middleware/TrimStrings.php(40): Illuminate\\Foundation\\Http\\Middleware\\TransformsRequest->handle()
#41 /root/laravel_test/laravel-crud-mysql/vendor/laravel/framework/src/Illuminate/Pipeline/Pipeline.php(167): Illuminate\\Foundation\\Http\\Middleware\\TrimStrings->handle()
#42 /root/laravel_test/laravel-crud-mysql/vendor/laravel/framework/src/Illuminate/Foundation/Http/Middleware/ValidatePostSize.php(27): Illuminate\\Pipeline\\Pipeline->Illuminate\\Pipeline\\{closure}()
#43 /root/laravel_test/laravel-crud-mysql/vendor/laravel/framework/src/Illuminate/Pipeline/Pipeline.php(167): Illuminate\\Foundation\\Http\\Middleware\\ValidatePostSize->handle()
#44 /root/laravel_test/laravel-crud-mysql/vendor/laravel/framework/src/Illuminate/Foundation/Http/Middleware/PreventRequestsDuringMaintenance.php(86): Illuminate\\Pipeline\\Pipeline->Illuminate\\Pipeline\\{closure}()
#45 /root/laravel_test/laravel-crud-mysql/vendor/laravel/framework/src/Illuminate/Pipeline/Pipeline.php(167): Illuminate\\Foundation\\Http\\Middleware\\PreventRequestsDuringMaintenance->handle()
#46 /root/laravel_test/laravel-crud-mysql/vendor/fruitcake/laravel-cors/src/HandleCors.php(38): Illuminate\\Pipeline\\Pipeline->Illuminate\\Pipeline\\{closure}()
#47 /root/laravel_test/laravel-crud-mysql/vendor/laravel/framework/src/Illuminate/Pipeline/Pipeline.php(167): Fruitcake\\Cors\\HandleCors->handle()
#48 /root/laravel_test/laravel-crud-mysql/vendor/laravel/framework/src/Illuminate/Http/Middleware/TrustProxies.php(39): Illuminate\\Pipeline\\Pipeline->Illuminate\\Pipeline\\{closure}()
#49 /root/laravel_test/laravel-crud-mysql/vendor/laravel/framework/src/Illuminate/Pipeline/Pipeline.php(167): Illuminate\\Http\\Middleware\\TrustProxies->handle()
#50 /root/laravel_test/laravel-crud-mysql/vendor/laravel/framework/src/Illuminate/Pipeline/Pipeline.php(103): Illuminate\\Pipeline\\Pipeline->Illuminate\\Pipeline\\{closure}()
#51 /root/laravel_test/laravel-crud-mysql/vendor/laravel/framework/src/Illuminate/Foundation/Http/Kernel.php(142): Illuminate\\Pipeline\\Pipeline->then()
#52 /root/laravel_test/laravel-crud-mysql/vendor/laravel/framework/src/Illuminate/Foundation/Http/Kernel.php(111): Illuminate\\Foundation\\Http\\Kernel->sendRequestThroughRouter()
#53 /root/laravel_test/laravel-crud-mysql/public/index.php(52): Illuminate\\Foundation\\Http\\Kernel->handle()
#54 /root/laravel_test/laravel-crud-mysql/vendor/laravel/framework/src/Illuminate/Foundation/resources/server.php(16): require_once('...')
#55 {main}

[previous exception] [object] (InvalidArgumentException(code: 0): View [layouts.app] not found. at /root/laravel_test/laravel-crud-mysql/vendor/laravel/framework/src/Illuminate/View/FileViewFinder.php:137)
[stacktrace]
#0 /root/laravel_test/laravel-crud-mysql/vendor/laravel/framework/src/Illuminate/View/FileViewFinder.php(79): Illuminate\\View\\FileViewFinder->findInPaths()
#1 /root/laravel_test/laravel-crud-mysql/vendor/laravel/framework/src/Illuminate/View/Factory.php(137): Illuminate\\View\\FileViewFinder->find()
#2 /root/laravel_test/laravel-crud-mysql/storage/framework/views/cc418fbd402d6f3c464b9acd7290c912a9d8b307.php(15): Illuminate\\View\\Factory->make()
#3 /root/laravel_test/laravel-crud-mysql/vendor/laravel/framework/src/Illuminate/Filesystem/Filesystem.php(107): require('...')
#4 /root/laravel_test/laravel-crud-mysql/vendor/laravel/framework/src/Illuminate/Filesystem/Filesystem.php(108): Illuminate\\Filesystem\\Filesystem::Illuminate\\Filesystem\\{closure}()
#5 /root/laravel_test/laravel-crud-mysql/vendor/laravel/framework/src/Illuminate/View/Engines/PhpEngine.php(58): Illuminate\\Filesystem\\Filesystem->getRequire()
#6 /root/laravel_test/laravel-crud-mysql/vendor/laravel/framework/src/Illuminate/View/Engines/CompilerEngine.php(61): Illuminate\\View\\Engines\\PhpEngine->evaluatePath()
#7 /root/laravel_test/laravel-crud-mysql/vendor/laravel/framework/src/Illuminate/View/View.php(139): Illuminate\\View\\Engines\\CompilerEngine->get()
#8 /root/laravel_test/laravel-crud-mysql/vendor/laravel/framework/src/Illuminate/View/View.php(122): Illuminate\\View\\View->getContents()
#9 /root/laravel_test/laravel-crud-mysql/vendor/laravel/framework/src/Illuminate/View/View.php(91): Illuminate\\View\\View->renderContents()
#10 /root/laravel_test/laravel-crud-mysql/vendor/laravel/framework/src/Illuminate/Http/Response.php(69): Illuminate\\View\\View->render()
#11 /root/laravel_test/laravel-crud-mysql/vendor/laravel/framework/src/Illuminate/Http/Response.php(35): Illuminate\\Http\\Response->setContent()
#12 /root/laravel_test/laravel-crud-mysql/vendor/laravel/framework/src/Illuminate/Routing/Router.php(830): Illuminate\\Http\\Response->__construct()
#13 /root/laravel_test/laravel-crud-mysql/vendor/laravel/framework/src/Illuminate/Routing/Router.php(799): Illuminate\\Routing\\Router::toResponse()
#14 /root/laravel_test/laravel-crud-mysql/vendor/laravel/framework/src/Illuminate/Routing/Router.php(721): Illuminate\\Routing\\Router->prepareResponse()
#15 /root/laravel_test/laravel-crud-mysql/vendor/laravel/framework/src/Illuminate/Pipeline/Pipeline.php(128): Illuminate\\Routing\\Router->Illuminate\\Routing\\{closure}()
#16 /root/laravel_test/laravel-crud-mysql/vendor/laravel/framework/src/Illuminate/Routing/Middleware/SubstituteBindings.php(50): Illuminate\\Pipeline\\Pipeline->Illuminate\\Pipeline\\{closure}()
#17 /root/laravel_test/laravel-crud-mysql/vendor/laravel/framework/src/Illuminate/Pipeline/Pipeline.php(167): Illuminate\\Routing\\Middleware\\SubstituteBindings->handle()
#18 /root/laravel_test/laravel-crud-mysql/vendor/laravel/framework/src/Illuminate/Foundation/Http/Middleware/VerifyCsrfToken.php(78): Illuminate\\Pipeline\\Pipeline->Illuminate\\Pipeline\\{closure}()
#19 /root/laravel_test/laravel-crud-mysql/vendor/laravel/framework/src/Illuminate/Pipeline/Pipeline.php(167): Illuminate\\Foundation\\Http\\Middleware\\VerifyCsrfToken->handle()
#20 /root/laravel_test/laravel-crud-mysql/vendor/laravel/framework/src/Illuminate/View/Middleware/ShareErrorsFromSession.php(49): Illuminate\\Pipeline\\Pipeline->Illuminate\\Pipeline\\{closure}()
#21 /root/laravel_test/laravel-crud-mysql/vendor/laravel/framework/src/Illuminate/Pipeline/Pipeline.php(167): Illuminate\\View\\Middleware\\ShareErrorsFromSession->handle()
#22 /root/laravel_test/laravel-crud-mysql/vendor/laravel/framework/src/Illuminate/Session/Middleware/StartSession.php(121): Illuminate\\Pipeline\\Pipeline->Illuminate\\Pipeline\\{closure}()
#23 /root/laravel_test/laravel-crud-mysql/vendor/laravel/framework/src/Illuminate/Session/Middleware/StartSession.php(64): Illuminate\\Session\\Middleware\\StartSession->handleStatefulRequest()
#24 /root/laravel_test/laravel-crud-mysql/vendor/laravel/framework/src/Illuminate/Pipeline/Pipeline.php(167): Illuminate\\Session\\Middleware\\StartSession->handle()
#25 /root/laravel_test/laravel-crud-mysql/vendor/laravel/framework/src/Illuminate/Cookie/Middleware/AddQueuedCookiesToResponse.php(37): Illuminate\\Pipeline\\Pipeline->Illuminate\\Pipeline\\{closure}()
#26 /root/laravel_test/laravel-crud-mysql/vendor/laravel/framework/src/Illuminate/Pipeline/Pipeline.php(167): Illuminate\\Cookie\\Middleware\\AddQueuedCookiesToResponse->handle()
#27 /root/laravel_test/laravel-crud-mysql/vendor/laravel/framework/src/Illuminate/Cookie/Middleware/EncryptCookies.php(67): Illuminate\\Pipeline\\Pipeline->Illuminate\\Pipeline\\{closure}()
#28 /root/laravel_test/laravel-crud-mysql/vendor/laravel/framework/src/Illuminate/Pipeline/Pipeline.php(167): Illuminate\\Cookie\\Middleware\\EncryptCookies->handle()
#29 /root/laravel_test/laravel-crud-mysql/vendor/laravel/framework/src/Illuminate/Pipeline/Pipeline.php(103): Illuminate\\Pipeline\\Pipeline->Illuminate\\Pipeline\\{closure}()
#30 /root/laravel_test/laravel-crud-mysql/vendor/laravel/framework/src/Illuminate/Routing/Router.php(723): Illuminate\\Pipeline\\Pipeline->then()
#31 /root/laravel_test/laravel-crud-mysql/vendor/laravel/framework/src/Illuminate/Routing/Router.php(698): Illuminate\\Routing\\Router->runRouteWithinStack()
#32 /root/laravel_test/laravel-crud-mysql/vendor/laravel/framework/src/Illuminate/Routing/Router.php(662): Illuminate\\Routing\\Router->runRoute()
#33 /root/laravel_test/laravel-crud-mysql/vendor/laravel/framework/src/Illuminate/Routing/Router.php(651): Illuminate\\Routing\\Router->dispatchToRoute()
#34 /root/laravel_test/laravel-crud-mysql/vendor/laravel/framework/src/Illuminate/Foundation/Http/Kernel.php(167): Illuminate\\Routing\\Router->dispatch()
#35 /root/laravel_test/laravel-crud-mysql/vendor/laravel/framework/src/Illuminate/Pipeline/Pipeline.php(128): Illuminate\\Foundation\\Http\\Kernel->Illuminate\\Foundation\\Http\\{closure}()
#36 /root/laravel_test/laravel-crud-mysql/vendor/laravel/framework/src/Illuminate/Foundation/Http/Middleware/TransformsRequest.php(21): Illuminate\\Pipeline\\Pipeline->Illuminate\\Pipeline\\{closure}()
#37 /root/laravel_test/laravel-crud-mysql/vendor/laravel/framework/src/Illuminate/Foundation/Http/Middleware/ConvertEmptyStringsToNull.php(31): Illuminate\\Foundation\\Http\\Middleware\\TransformsRequest->handle()
#38 /root/laravel_test/laravel-crud-mysql/vendor/laravel/framework/src/Illuminate/Pipeline/Pipeline.php(167): Illuminate\\Foundation\\Http\\Middleware\\ConvertEmptyStringsToNull->handle()
#39 /root/laravel_test/laravel-crud-mysql/vendor/laravel/framework/src/Illuminate/Foundation/Http/Middleware/TransformsRequest.php(21): Illuminate\\Pipeline\\Pipeline->Illuminate\\Pipeline\\{closure}()
#40 /root/laravel_test/laravel-crud-mysql/vendor/laravel/framework/src/Illuminate/Foundation/Http/Middleware/TrimStrings.php(40): Illuminate\\Foundation\\Http\\Middleware\\TransformsRequest->handle()
#41 /root/laravel_test/laravel-crud-mysql/vendor/laravel/framework/src/Illuminate/Pipeline/Pipeline.php(167): Illuminate\\Foundation\\Http\\Middleware\\TrimStrings->handle()
#42 /root/laravel_test/laravel-crud-mysql/vendor/laravel/framework/src/Illuminate/Foundation/Http/Middleware/ValidatePostSize.php(27): Illuminate\\Pipeline\\Pipeline->Illuminate\\Pipeline\\{closure}()
#43 /root/laravel_test/laravel-crud-mysql/vendor/laravel/framework/src/Illuminate/Pipeline/Pipeline.php(167): Illuminate\\Foundation\\Http\\Middleware\\ValidatePostSize->handle()
#44 /root/laravel_test/laravel-crud-mysql/vendor/laravel/framework/src/Illuminate/Foundation/Http/Middleware/PreventRequestsDuringMaintenance.php(86): Illuminate\\Pipeline\\Pipeline->Illuminate\\Pipeline\\{closure}()
#45 /root/laravel_test/laravel-crud-mysql/vendor/laravel/framework/src/Illuminate/Pipeline/Pipeline.php(167): Illuminate\\Foundation\\Http\\Middleware\\PreventRequestsDuringMaintenance->handle()
#46 /root/laravel_test/laravel-crud-mysql/vendor/fruitcake/laravel-cors/src/HandleCors.php(38): Illuminate\\Pipeline\\Pipeline->Illuminate\\Pipeline\\{closure}()
#47 /root/laravel_test/laravel-crud-mysql/vendor/laravel/framework/src/Illuminate/Pipeline/Pipeline.php(167): Fruitcake\\Cors\\HandleCors->handle()
#48 /root/laravel_test/laravel-crud-mysql/vendor/laravel/framework/src/Illuminate/Http/Middleware/TrustProxies.php(39): Illuminate\\Pipeline\\Pipeline->Illuminate\\Pipeline\\{closure}()
#49 /root/laravel_test/laravel-crud-mysql/vendor/laravel/framework/src/Illuminate/Pipeline/Pipeline.php(167): Illuminate\\Http\\Middleware\\TrustProxies->handle()
#50 /root/laravel_test/laravel-crud-mysql/vendor/laravel/framework/src/Illuminate/Pipeline/Pipeline.php(103): Illuminate\\Pipeline\\Pipeline->Illuminate\\Pipeline\\{closure}()
#51 /root/laravel_test/laravel-crud-mysql/vendor/laravel/framework/src/Illuminate/Foundation/Http/Kernel.php(142): Illuminate\\Pipeline\\Pipeline->then()
#52 /root/laravel_test/laravel-crud-mysql/vendor/laravel/framework/src/Illuminate/Foundation/Http/Kernel.php(111): Illuminate\\Foundation\\Http\\Kernel->sendRequestThroughRouter()
#53 /root/laravel_test/laravel-crud-mysql/public/index.php(52): Illuminate\\Foundation\\Http\\Kernel->handle()
#54 /root/laravel_test/laravel-crud-mysql/vendor/laravel/framework/src/Illuminate/Foundation/resources/server.php(16): require_once('...')
#55 {main}
"} 
